<?xml version='1.0' encoding='utf-8' standalone='yes' ?>
<map>
    <int name="_PackageLevelIDPref" value="99" />
    <string name="ping_udpCountrydata">0</string>
    <string name="0_PushNotificatonActivity_PushEventIfPic__b019afd3667f8eb8a36d3ab5415fcf11">0</string>
    <string name="0_PushNotificatonActivity_PushEventEndTime__cb0620ca7ee5798a0e62b1ce49c21d2a">2023-10-14%2000%3A00%3A00</string>
    <string name="0_PushNotificatonActivity_PushEventEndTime__d31f004fae0a9dd4e27190a71116c43c">2023-10-25%2000%3A00%3A00</string>
    <int name="Key_ResDirSplit" value="1" />
    <int name="GPMSDKCustomLogEnable" value="0" />
    <int name="16274_1497862053__LiveStreamListManager_Recommend_ShouldShowNewTag_" value="1" />
    <int name="HighFpsMode" value="120" />
    <int name="DpiLimitOpenSelect" value="2" />
    <string name="16274_1497862053_BattleUISetupConf__default">%7B%22__version%22%3A2%2C%22name%22%3A%22default%22%2C%22idx%22%3A1%2C%22panels%22%3A%7B%7D%7D</string>
    <int name="PACKAGELEVEL" value="5" />
    <string name="0_PushNotificatonActivity_PushEventURLLink__2023-10-25%2000%3A00%3A00-Karnaval%20Promo%20Hadir%20untuk%20Waktu%20Terbatas!-Login%20setiap%20hari%20untuk%20mendapatkan%20Promo%20Diamond%20gratis.%20Beli%20Skin%20dengan%20harga%20terendah%201%20Diamond!%20Ayo%20lihat!--1--15"></string>
    <string name="Analytics_SecondLastActiveUIName">UI_FriendList_new</string>
    <int name="FlogUploader.isFlogOpen" value="0" />
    <string name="0_PushNotificatonActivity_PushEventURLLink__2023-10-21%2000%3A00%3A00-Kesempatan%20Terakhir%20untuk%20Memperoleh%20Skin%20Baru%20Johnson%20secara%20Gratis!-Raih%20kesempatan%20terakhir%20Anda%20untuk%20memperoleh%20Skin%20baru%20Johnson%20%22Starblazer%22%20gratis.%20Jangan%20lewatkan!%20%3E%3E--1--15"></string>
    <string name="0_PushNotificatonActivity_PushEventEndTime__4249e4c22cca9f57a3ae3f7473a80ab6">2023-10-23%2000%3A00%3A00</string>
    <string name="0_PushNotificatonActivity_PushEventTestId__4249e4c22cca9f57a3ae3f7473a80ab6">2423</string>
    <string name="0_PushNotificatonActivity_PushEventTestId__2023-10-30%2000%3A00%3A00-Penawaran%20Kejutan%20Halloween-Bane%20%22Castle%20Master%22%20kembali%20untuk%20waktu%20terbatas!%20Dapatkan%20DISKON%2030%25%20untuk%20semua%20Skin%20Halloween%20yang%20ada%20di%20Shop!--1--15">2430</string>
    <int name="Key_ResDirSplit_OK" value="1" />
    <int name="DownloadBackgroundIOS" value="1" />
    <string name="PushEventPriorities-20231009">2412%2C15%3B2411%2C15</string>
    <string name="0_PushNotificatonActivity_PushEventURLLink__2023-10-28%2000%3A00%3A00-Premium%20Supply%20MLBB%20X%20Ducati-Login%20untuk%20memperoleh%20Ducati%20Token%20gratis.%20Jangan%20lewatkan!%20%3E%3E%3E--1--15"></string>
    <string name="0_PushNotificatonActivity_PushEventPushId__c2eebd767a0a780333ec2132d6dbd53f">2408</string>
    <string name="PushEventPriorities-20231007">2408%2C15%3B2407%2C15</string>
    <string name="PushEventPriorities-20231005">2405%2C15</string>
    <string name="PushEventPriorities-20231003">2403%2C15</string>
    <string name="PushEventPriorities-20231004">2404%2C15</string>
    <int name="16274_1497862053_eCIT_RedDotNew_ver" value="35" />
    <int name="EnablePressEffect" value="0" />
    <string name="0_PushNotificatonActivity_PushEventTestId__f14b5eda3df015a2c6c8a0b87fada7e2">2420</string>
    <string name="0_PushNotificatonActivity_PushEventUsrLabel__327faf5120c2226cd641e0879c19bf2b">0</string>
    <string name="OfflineForbidSkins"></string>
    <string name="0_PushNotificatonActivity_PushEventURLLink__2023-10-03%2000%3A00%3A00-Item%20Juara%20M3%20Kembali%20untuk%20Waktu%20Terbatas!-Skin%20Juara%20M3%20Estes%20%22Blacklist%20International%22%20dan%20M3%20Champion%20Chest%20kembali%20untuk%20waktu%20terbatas!%20Jangan%20lewatkan!%20%3E%3E%3E--1--15"></string>
    <string name="0_PushNotificatonActivity_PushEventPushId__2023-10-21%2000%3A00%3A00-Kesempatan%20Terakhir%20untuk%20Memperoleh%20Skin%20Baru%20Johnson%20secara%20Gratis!-Raih%20kesempatan%20terakhir%20Anda%20untuk%20memperoleh%20Skin%20baru%20Johnson%20%22Starblazer%22%20gratis.%20Jangan%20lewatkan!%20%3E%3E--1--15">2420</string>
    <int name="BActiveReplayKitBroadcast" value="0" />
    <int name="BloodLockUIEnable" value="1" />
    <int name="Screenmanager%20Resolution%20Height" value="1080" />
    <string name="ModeUpdateTrigger_100316274_1497862053_">170.1</string>
    <int name="ping_prefAllStart" value="1696139098" />
    <string name="0_PushNotificatonActivity_PushEventUsrLabel__d86252df96e9300023643b46ca377c2d">0</string>
    <string name="0_PushNotificatonActivity_PushEventUsrLabel__b3421443d98bf0beafc83e9f56fa90be">0</string>
    <int name="GPSDK_bGNZKG" value="1" />
    <string name="JsonDeviceID">cd9e459ea708a948d5c2f5a6ca8838cfd9bb350b9fa42323cdc5c5ca-fe4e-4875-932a-55cf77abc668</string>
    <string name="0_PushNotificatonActivity_PushEventIfPic__2023-10-04%2000%3A00%3A00-Dapatkan%20Skin%20Baru%20Johnson%20Secara%20Gratis!-Bantu%20Johnson%20melintasi%20bintang-bintang%20untuk%20memperoleh%20Skin%20terbarunya%20secara%20gratis!%20Ayo%20%3E%3E%3E--1--15">0</string>
    <string name="ModeUpdateTrigger_34016274_1497862053_">392.1</string>
    <int name="GPMEnableVirtualMemory" value="0" />
    <string name="0_PushNotificatonActivity_PushEventEndTime__f14b5eda3df015a2c6c8a0b87fada7e2">2023-10-21%2000%3A00%3A00</string>
    <string name="0_PushNotificatonActivity_PushEventTestId__2023-10-28%2000%3A00%3A00-Premium%20Supply%20MLBB%20X%20Ducati-Login%20untuk%20memperoleh%20Ducati%20Token%20gratis.%20Jangan%20lewatkan!%20%3E%3E%3E--1--15">2427</string>
    <string name="key_checkcfgmd5key">1.8.20.894.1</string>
    <string name="0_PushNotificatonActivity_PushEventTestId__2023-10-07%2004%3A00%3A00-Kolaborasi%20MLBB%20X%20Ducati%20Telah%20Hadir-Skin%20kolaborasi%20baru%20Irithel%20%22Monster%20SP%20Rider%22%20dan%20Benedetta%20%22Panigale%20V4S%20Rider%22%20hadir%20untuk%20waktu%20terbatas!--1--15">2407</string>
    <string name="0_PushNotificatonActivity_PushEventTestId__cb0620ca7ee5798a0e62b1ce49c21d2a">2414</string>
    <int name="___udav_ios" value="0" />
    <string name="ModeUpdateTrigger_32016274_1497862053_">310.1</string>
    <int name="MLNewCancleSkill" value="0" />
    <string name="0_PushNotificatonActivity_PushEventURLLink__b019afd3667f8eb8a36d3ab5415fcf11"></string>
    <string name="0_PushNotificatonActivity_PushEventTestId__24717a2b6f4ee2f8483d7258fa9ff26b">2411</string>
    <int name="PerformanceDevice_EnableQuality_del" value="1" />
    <int name="PreformanceLvUpdate_version" value="4" />
    <string name="0_PushNotificatonActivity_PushEventIfPic__2023-10-25%2000%3A00%3A00-Karnaval%20Promo%20Hadir%20untuk%20Waktu%20Terbatas!-Login%20setiap%20hari%20untuk%20mendapatkan%20Promo%20Diamond%20gratis.%20Beli%20Skin%20dengan%20harga%20terendah%201%20Diamond!%20Ayo%20lihat!--1--15">0</string>
    <string name="0_PushNotificatonActivity_PushEventPushId__2023-10-03%2000%3A00%3A00-Item%20Juara%20M3%20Kembali%20untuk%20Waktu%20Terbatas!-Skin%20Juara%20M3%20Estes%20%22Blacklist%20International%22%20dan%20M3%20Champion%20Chest%20kembali%20untuk%20waktu%20terbatas!%20Jangan%20lewatkan!%20%3E%3E%3E--1--15">2403</string>
    <string name="0_PushNotificatonActivity_PushEventURLLink__2023-10-04%2000%3A00%3A00-Dapatkan%20Skin%20Baru%20Johnson%20Secara%20Gratis!-Bantu%20Johnson%20melintasi%20bintang-bintang%20untuk%20memperoleh%20Skin%20terbarunya%20secara%20gratis!%20Ayo%20%3E%3E%3E--1--15"></string>
    <string name="0_PushNotificatonActivity_PushEventURLLink__2023-10-30%2000%3A00%3A00-Penawaran%20Kejutan%20Halloween-Bane%20%22Castle%20Master%22%20kembali%20untuk%20waktu%20terbatas!%20Dapatkan%20DISKON%2030%25%20untuk%20semua%20Skin%20Halloween%20yang%20ada%20di%20Shop!--1--15"></string>
    <int name="__LOGIN_WITH_MOONTON_ACCOUNT_SCUEESS__" value="1" />
    <string name="ChatFriendPrefsFlag">1970-01-01</string>
    <string name="0_PushNotificatonActivity_PushEventUsrLabel__ff7b7e7e1904085200ad1e2da0d7d6b2">0</string>
    <string name="0_PushNotificatonActivity_PushEventSubPushId__2023-10-23%2000%3A00%3A00-Akai%20%22Pumpkin%20Brawler%22%20Telah%20Hadir-Akai%20%22Pumpkin%20Brawler%22%20telah%20hadir!%20Jangan%20lewatkan%20diskon%2030%25%20waktu%20terbatas!%20%3E%3E%3E--1--15">0</string>
    <int name="Analytics_LastGameActiveUIName" value="2083" />
    <int name="PreformanceLv" value="4" />
    <int name="DpiLimitConfigVer" value="1" />
    <string name="0_PushNotificatonActivity_PushEventTestId__2023-10-23%2000%3A00%3A00-Akai%20%22Pumpkin%20Brawler%22%20Telah%20Hadir-Akai%20%22Pumpkin%20Brawler%22%20telah%20hadir!%20Jangan%20lewatkan%20diskon%2030%25%20waktu%20terbatas!%20%3E%3E%3E--1--15">2423</string>
    <string name="PushEventPriorities-20231030">2430%2C15</string>
    <string name="0_PushNotificatonActivity_PushEventUsrLabel__2023-10-14%2004%3A00%3A00-Event%20Ulang%20Tahun%20ke-7%20Segera%20Berakhir-Event%20perayaan%20Ulang%20Tahun%20ke-7%20segera%20berakhir.%20Jangan%20lewatkan%20semua%20hadiahnya!%20Login%20sekarang%20%3E%3E%3E--1--15">0</string>
    <string name="0_PushNotificatonActivity_PushEventPushId__2023-10-07%2004%3A00%3A00-Kolaborasi%20MLBB%20X%20Ducati%20Telah%20Hadir-Skin%20kolaborasi%20baru%20Irithel%20%22Monster%20SP%20Rider%22%20dan%20Benedetta%20%22Panigale%20V4S%20Rider%22%20hadir%20untuk%20waktu%20terbatas!--1--15">2407</string>
    <int name="HeroStudyActivity_ChooseHeroGuide_16274_1497862053_" value="0" />
    <string name="0_PushNotificatonActivity_PushEventIfPic__2023-10-05%2000%3A00%3A00-Grand%20Collection%20Hadir%20untuk%20Waktu%20Terbatas-Vexana%20%22The%20Sun%20Empress%22%20telah%20hadir%20di%20Grand%20Collection.%20Coba%20keberuntungan%20Anda!%20%3E%3E%3E--1--15">0</string>
    <string name="0_PushNotificatonActivity_PushEventURLLink__2023-10-07%2004%3A00%3A00-Kolaborasi%20MLBB%20X%20Ducati%20Telah%20Hadir-Skin%20kolaborasi%20baru%20Irithel%20%22Monster%20SP%20Rider%22%20dan%20Benedetta%20%22Panigale%20V4S%20Rider%22%20hadir%20untuk%20waktu%20terbatas!--1--15"></string>
    <string name="0_PushNotificatonActivity_PushEventSubPushId__2023-10-14%2000%3A00%3A00-Premium%20Supply%20MLBB%20X%20Ducati-Login%20untuk%20memperoleh%20Ducati%20Token%20gratis.%20Jangan%20lewatkan!%20%3E%3E%3E--1--15">0</string>
    <string name="0_PushNotificatonActivity_PushEventIfPic__2023-10-07%2004%3A00%3A00-Kolaborasi%20MLBB%20X%20Ducati%20Telah%20Hadir-Skin%20kolaborasi%20baru%20Irithel%20%22Monster%20SP%20Rider%22%20dan%20Benedetta%20%22Panigale%20V4S%20Rider%22%20hadir%20untuk%20waktu%20terbatas!--1--15">0</string>
    <int name="__UNITY_PLAYERPREFS_VERSION__" value="1" />
    <int name="JsonLocalVersion__once__" value="1" />
    <int name="AutoBuyEquipTime_New" value="30" />
    <string name="0_PushNotificatonActivity_PushEventUsrLabel__2023-10-16%2000%3A00%3A00-Pharsa%20%22Neon%20Shingetsu%22%20Telah%20Hadir-Pharsa%20%22Neon%20Shingetsu%22%20telah%20Hadir!%20Jangan%20lewatkan%20diskon%2030%25%20waktu%20terbatas!%20%3E%3E%3E--1--15">0</string>
    <string name="0_PushNotificatonActivity_PushEventIfPic__f6c0778b863adc54c1e22c0d09a2d9b6">0</string>
    <int name="GSDKOpenHighlights" value="0" />
    <string name="1_ActivityAdActivity">https%3A%2F%2Fakmstatic.ml.youngjoygame.com%2Fmlbbpromo%2F23%2F23-230922Next-sm-id.jpghttps%3A%2F%2Fakmstatic.ml.youngjoygame.com%2Fmlbbpromo%2F23%2F23-230924Hero-op-id.jpghttps%3A%2F%2Fakmstatic.ml.youngjoygame.com%2Fmlbbpromo%2F23%2F23-230929Livestream-mkt-id.jpghttps%3A%2F%2Fakmstatic.ml.youngjoygame.com%2Fmlbbpromo%2F23%2F23-230930Branding-sm-id.jpghttps%3A%2F%2Fakmstatic.ml.youngjoygame.com%2Fmlbbpromo%2F23%2F23-231001CosPlay-mkt-id.jpghttps%3A%2F%2Fakmstatic.ml.youngjoygame.com%2Fmlbbpromo%2F23%2F23-231005PastaDayOne-mkt-id.jpghttps%3A%2F%2Fakmstatic.ml.youngjoygame.com%2Fmlbbpromo%2F23%2F23-231006MabarDayTwo-mkt-id.jpg</string>
    <int name="RequestFriendListAlterErrorSwitch" value="1" />
    <string name="0_PushNotificatonActivity_PushEventURLLink__d86252df96e9300023643b46ca377c2d"></string>
    <string name="0_PushNotificatonActivity_PushEventEndTime__2023-10-03%2000%3A00%3A00-Item%20Juara%20M3%20Kembali%20untuk%20Waktu%20Terbatas!-Skin%20Juara%20M3%20Estes%20%22Blacklist%20International%22%20dan%20M3%20Champion%20Chest%20kembali%20untuk%20waktu%20terbatas!%20Jangan%20lewatkan!%20%3E%3E%3E--1--15">2023-10-03%2000%3A00%3A00</string>
    <string name="0_PushNotificatonActivity_PushEventIfPic__2023-10-09%2000%3A00%3A00-Waktunya%20Mendapatkan%20Lebih%20Banyak%20Hadiah%20Ulang%20Tahun%20ke-7!-Ikuti%20Event%20Bonus%20Ulang%20Tahun%20ke-7%20untuk%20memperoleh%207th%20Anniversary%20Coin%20berlimpah%20dan%20tukarkan%20dengan%20hadiah%20menarik!%20Ikuti%20sekarang%20%3E%3E--1--15">0</string>
    <int name="16274_1497862053_UsersRetentionReportTime" value="3" />
    <int name="PlaySound" value="1" />
    <string name="0_PushNotificatonActivity_PushEventPushId__ff7b7e7e1904085200ad1e2da0d7d6b2">2430</string>
    <string name="0_PushNotificatonActivity_PushEventTestId__2023-10-14%2000%3A00%3A00-Premium%20Supply%20MLBB%20X%20Ducati-Login%20untuk%20memperoleh%20Ducati%20Token%20gratis.%20Jangan%20lewatkan!%20%3E%3E%3E--1--15">2414</string>
    <int name="16274_1497862053_FocusBackNoticeData_InitLastTimeKey" value="1" />
    <int name="NetWoekWifiRedPoint" value="1" />
    <string name="0_PushNotificatonActivity_PushEventURLLink__327faf5120c2226cd641e0879c19bf2b"></string>
    <string name="PushEventPriorities-20231016">2415%2C15</string>
    <string name="0_PushNotificatonActivity_PushEventIfPic__2023-10-30%2000%3A00%3A00-Penawaran%20Kejutan%20Halloween-Bane%20%22Castle%20Master%22%20kembali%20untuk%20waktu%20terbatas!%20Dapatkan%20DISKON%2030%25%20untuk%20semua%20Skin%20Halloween%20yang%20ada%20di%20Shop!--1--15">0</string>
    <string name="16274_1497862053_DairyFreeRewardRefreshTimeStamp">1696140749</string>
    <string name="PushEventPriorities-20231014">2414%2C15%3B2413%2C15</string>
    <int name="2017Deletekey" value="1" />
    <string name="0_PushNotificatonActivity_PushEventURLLink__b3421443d98bf0beafc83e9f56fa90be"></string>
    <string name="0_PushNotificatonActivity_PushEventIfPic__ff7b7e7e1904085200ad1e2da0d7d6b2">0</string>
    <string name="0_PushNotificatonActivity_PushEventPushId__f6c0778b863adc54c1e22c0d09a2d9b6">2413</string>
    <int name="GooglePlayAutoLogin" value="1" />
    <int name="ChooseSellInfo" value="0" />
    <string name="0_PushNotificatonActivity_PushEventTestId__65ca27ab2b24e5e3cf047a881a9774ce">2403</string>
    <int name="newOperateSettings_3" value="1" />
    <string name="InstructionPic">https%3A%2F%2Fakmstatic.ml.youngjoygame.com%2Fiosforceupdate1.png%3Bhttps%3A%2F%2Fakmstatic.ml.youngjoygame.com%2Fiosforceupdate2.png</string>
    <int name="VeryHighSettingWaterReflat" value="0" />
    <string name="0_PushNotificatonActivity_PushEventEndTime__24717a2b6f4ee2f8483d7258fa9ff26b">2023-10-09%2000%3A00%3A00</string>
    <string name="0_PushNotificatonActivity_PushEventEndTime__2023-10-25%2000%3A00%3A00-Karnaval%20Promo%20Hadir%20untuk%20Waktu%20Terbatas!-Login%20setiap%20hari%20untuk%20mendapatkan%20Promo%20Diamond%20gratis.%20Beli%20Skin%20dengan%20harga%20terendah%201%20Diamond!%20Ayo%20lihat!--1--15">2023-10-25%2000%3A00%3A00</string>
    <int name="SkillPosSelect" value="0" />
    <string name="_Analysis_LastLoadTime_">2023-09-30%2022%3A12%3A31</string>
    <int name="SeekTargetWhenDragging" value="1" />
    <string name="0_PushNotificatonActivity_PushEventUsrLabel__2023-10-09%2000%3A00%3A00-Waktunya%20Mendapatkan%20Lebih%20Banyak%20Hadiah%20Ulang%20Tahun%20ke-7!-Ikuti%20Event%20Bonus%20Ulang%20Tahun%20ke-7%20untuk%20memperoleh%207th%20Anniversary%20Coin%20berlimpah%20dan%20tukarkan%20dengan%20hadiah%20menarik!%20Ikuti%20sekarang%20%3E%3E--1--15">0</string>
    <string name="PushEventPriorities-20231028">2427%2C15</string>
    <string name="PushEventPriorities-20231025">2426%2C15</string>
    <int name="BattleLockMode" value="0" />
    <string name="0_PushNotificatonActivity_PushEventUsrLabel__2023-10-09%2004%3A00%3A00-Event%20Lucky%20Hit%20Telah%20Hadir-Bundle%20Berharga%20hadir%20untuk%20waktu%20terbatas.%20Dapatkan%20Lucky%20Hit%20untuk%20memperoleh%20Skin%20permanen!%20%3E%3E%3E--1--15">0</string>
    <string name="PushEventPriorities-20231023">2423%2C15</string>
    <string name="PushEventPriorities-20231021">2420%2C15</string>
    <string name="ModeUpdateTrigger_38016274_1497862053_">304.1</string>
    <string name="0_PushNotificatonActivity_PushEventUsrLabel__2023-10-04%2000%3A00%3A00-Dapatkan%20Skin%20Baru%20Johnson%20Secara%20Gratis!-Bantu%20Johnson%20melintasi%20bintang-bintang%20untuk%20memperoleh%20Skin%20terbarunya%20secara%20gratis!%20Ayo%20%3E%3E%3E--1--15">0</string>
    <int name="LockBattleChat" value="0" />
    <string name="0_PushNotificatonActivity_PushEventIfPic__2023-10-03%2000%3A00%3A00-Item%20Juara%20M3%20Kembali%20untuk%20Waktu%20Terbatas!-Skin%20Juara%20M3%20Estes%20%22Blacklist%20International%22%20dan%20M3%20Champion%20Chest%20kembali%20untuk%20waktu%20terbatas!%20Jangan%20lewatkan!%20%3E%3E%3E--1--15">0</string>
    <string name="0_PushNotificatonActivity_PushEventSubPushId__2023-10-07%2000%3A00%3A00-Kejutan%20Ulang%20Tahun%20ke-7%20Anda%20telah%20hadir!-Login%20selama%20Perayaan%20Ulang%20Tahun%20ke-7%20untuk%20memperoleh%20hadiah%20ulang%20tahun%20berlimpah!%20Ayo%20lihat!%20%3E%3E--1--15">0</string>
    <string name="0_PushNotificatonActivity_PushEventPushId__2023-10-14%2004%3A00%3A00-Event%20Ulang%20Tahun%20ke-7%20Segera%20Berakhir-Event%20perayaan%20Ulang%20Tahun%20ke-7%20segera%20berakhir.%20Jangan%20lewatkan%20semua%20hadiahnya!%20Login%20sekarang%20%3E%3E%3E--1--15">2413</string>
    <string name="0_PushNotificatonActivity_PushEventURLLink__2023-10-14%2004%3A00%3A00-Event%20Ulang%20Tahun%20ke-7%20Segera%20Berakhir-Event%20perayaan%20Ulang%20Tahun%20ke-7%20segera%20berakhir.%20Jangan%20lewatkan%20semua%20hadiahnya!%20Login%20sekarang%20%3E%3E%3E--1--15"></string>
    <string name="0_PushNotificatonActivity_PushEventPushId__2023-10-30%2000%3A00%3A00-Penawaran%20Kejutan%20Halloween-Bane%20%22Castle%20Master%22%20kembali%20untuk%20waktu%20terbatas!%20Dapatkan%20DISKON%2030%25%20untuk%20semua%20Skin%20Halloween%20yang%20ada%20di%20Shop!--1--15">2430</string>
    <string name="unity.player_sessionid">1427865778997878333</string>
    <string name="0_PushNotificatonActivity_PushEventTestId__c2eebd767a0a780333ec2132d6dbd53f">2408</string>
    <string name="0_PushNotificatonActivity_PushEventPushId__2023-10-28%2000%3A00%3A00-Premium%20Supply%20MLBB%20X%20Ducati-Login%20untuk%20memperoleh%20Ducati%20Token%20gratis.%20Jangan%20lewatkan!%20%3E%3E%3E--1--15">2427</string>
    <string name="0_PushNotificatonActivity_PushEventPushId__cb0620ca7ee5798a0e62b1ce49c21d2a">2414</string>
    <int name="ExceptionHandler_DefaultInstall" value="0" />
    <string name="dvinfo">090ea29e3d42bbbb59c4599d734cb025</string>
    <string name="ActLclCfgMgrm_LastLoginZoneId">162741497862053</string>
    <string name="0_PushNotificatonActivity_PushEventSubPushId__2023-10-14%2004%3A00%3A00-Event%20Ulang%20Tahun%20ke-7%20Segera%20Berakhir-Event%20perayaan%20Ulang%20Tahun%20ke-7%20segera%20berakhir.%20Jangan%20lewatkan%20semua%20hadiahnya!%20Login%20sekarang%20%3E%3E%3E--1--15">0</string>
    <int name="DpiLimitRate2d" value="100" />
    <float name="VeryHighSettingSaturation" value="1.0" />
    <string name="CreateRoleCountry">ID</string>
    <string name="0_PushNotificatonActivity_PushEventURLLink__c2eebd767a0a780333ec2132d6dbd53f"></string>
    <int name="GameLoadingReport" value="0" />
    <string name="0_PushNotificatonActivity_PushEventSubPushId__2023-10-25%2000%3A00%3A00-Karnaval%20Promo%20Hadir%20untuk%20Waktu%20Terbatas!-Login%20setiap%20hari%20untuk%20mendapatkan%20Promo%20Diamond%20gratis.%20Beli%20Skin%20dengan%20harga%20terendah%201%20Diamond!%20Ayo%20lihat!--1--15">0</string>
    <int name="16274_1497862053_LuckyStoneLoginDay" value="1" />
    <string name="ModeUpdateTrigger_99916274_1497862053_">171.1</string>
    <int name="CancleSkill" value="1" />
    <int name="logout_day" value="0" />
    <string name="0_PushNotificatonActivity_PushEventTestId__2023-10-03%2000%3A00%3A00-Item%20Juara%20M3%20Kembali%20untuk%20Waktu%20Terbatas!-Skin%20Juara%20M3%20Estes%20%22Blacklist%20International%22%20dan%20M3%20Champion%20Chest%20kembali%20untuk%20waktu%20terbatas!%20Jangan%20lewatkan!%20%3E%3E%3E--1--15">2403</string>
    <int name="16274_1497862053__SaveSendGetAward" value="1" />
    <string name="0_PushNotificatonActivity_PushEventTestId__2023-10-05%2000%3A00%3A00-Grand%20Collection%20Hadir%20untuk%20Waktu%20Terbatas-Vexana%20%22The%20Sun%20Empress%22%20telah%20hadir%20di%20Grand%20Collection.%20Coba%20keberuntungan%20Anda!%20%3E%3E%3E--1--15">2405</string>
    <int name="ReCheckDownloadReason" value="7" />
    <string name="ModeUpdateTrigger_39016274_1497862053_">302.1</string>
    <string name="0_PushNotificatonActivity_PushEventSubPushId__b3421443d98bf0beafc83e9f56fa90be">0</string>
    <int name="EnablePopConditionKillTips" value="1" />
    <int name="logout_count" value="0" />
    <string name="ModeUpdateTrigger_100416274_1497862053_">170.1</string>
    <string name="ModeUpdateTrigger_20016274_1497862053_">242.1</string>
    <string name="GameServerNetDataEx">CD%23tcp%23119.81.89.211%3A30103-1-1-0-1%3A0-0</string>
    <string name="0_PushNotificatonActivity_PushEventTestId__2023-10-09%2000%3A00%3A00-Waktunya%20Mendapatkan%20Lebih%20Banyak%20Hadiah%20Ulang%20Tahun%20ke-7!-Ikuti%20Event%20Bonus%20Ulang%20Tahun%20ke-7%20untuk%20memperoleh%207th%20Anniversary%20Coin%20berlimpah%20dan%20tukarkan%20dengan%20hadiah%20menarik!%20Ikuti%20sekarang%20%3E%3E--1--15">2411</string>
    <string name="PushEventYMDs">20231003%3B20231004%3B20231005%3B20231007%3B20231009%3B20231014%3B20231016%3B20231021%3B20231023%3B20231025%3B20231028%3B20231030</string>
    <string name="0_PushNotificatonActivity_PushEventSubPushId__2023-10-16%2000%3A00%3A00-Pharsa%20%22Neon%20Shingetsu%22%20Telah%20Hadir-Pharsa%20%22Neon%20Shingetsu%22%20telah%20Hadir!%20Jangan%20lewatkan%20diskon%2030%25%20waktu%20terbatas!%20%3E%3E%3E--1--15">0</string>
    <string name="CharactorInteractNew_BackToMain">2023%2F10%2F01%7C3_2</string>
    <string name="0_PushNotificatonActivity_PushEventUsrLabel__2023-10-07%2004%3A00%3A00-Kolaborasi%20MLBB%20X%20Ducati%20Telah%20Hadir-Skin%20kolaborasi%20baru%20Irithel%20%22Monster%20SP%20Rider%22%20dan%20Benedetta%20%22Panigale%20V4S%20Rider%22%20hadir%20untuk%20waktu%20terbatas!--1--15">0</string>
    <int name="PlayAnimation_NewBall" value="1" />
    <string name="0_PushNotificatonActivity_PushEventSubPushId__f6c0778b863adc54c1e22c0d09a2d9b6">0</string>
    <int name="m_CacheLoginUID" value="8" />
    <string name="ModeUpdateTrigger_40016274_1497862053_">286.1</string>
    <string name="0_PushNotificatonActivity_PushEventURLLink__3837a0bd60ed36bd61eec28b0b17cb20"></string>
    <int name="OpenBloomHDR" value="0" />
    <int name="16274_1497862053_s_CAN_NEW_LOBBY" value="1" />
    <int name="LockStick" value="0" />
    <string name="0_PushNotificatonActivity_PushEventUsrLabel__d31f004fae0a9dd4e27190a71116c43c">0</string>
    <int name="Key_MyLastZoneId" value="16274" />
    <string name="16274_1497862053_BattleUISetupConf__pad">%7B%22idx%22%3A5%2C%22name%22%3A%22pad%22%2C%22__editInfos%22%3A%7B%22m_UI_KeySkill%5C%2Fm_BOTTON%5C%2Fm_SkilPos_4%5C%2Fm_SkillPosA_4%22%3A%7B%22nodeId%22%3A75%2C%22pos%22%3A%7B%22y%22%3A-254%2C%22x%22%3A300%7D%2C%22root%22%3A%22m_UI_KeySkill%22%2C%22path%22%3A%22m_BOTTON%5C%2Fm_SkilPos_4%5C%2Fm_SkillPosA_4%22%2C%22alpha%22%3A1%2C%22size%22%3A0.81%7D%2C%22m_UI_BattleHeroNearby%5C%2Fm_BOTTON%5C%2Fm_HeroNearby%5C%2Fm_Sprite_Hero04%22%3A%7B%22nodeId%22%3A76%2C%22pos%22%3A%7B%22y%22%3A32%2C%22x%22%3A312%7D%2C%22root%22%3A%22m_UI_BattleHeroNearby%22%2C%22path%22%3A%22m_BOTTON%5C%2Fm_HeroNearby%5C%2Fm_Sprite_Hero04%22%2C%22alpha%22%3A1%2C%22size%22%3A0.81%7D%2C%22m_UI_KeySkill%5C%2Fm_BOTTON%5C%2Fm_SkilPos_3%5C%2Fm_SkillPosA_3%22%3A%7B%22nodeId%22%3A77%2C%22pos%22%3A%7B%22y%22%3A-244%2C%22x%22%3A305%7D%2C%22root%22%3A%22m_UI_KeySkill%22%2C%22path%22%3A%22m_BOTTON%5C%2Fm_SkilPos_3%5C%2Fm_SkillPosA_3%22%2C%22alpha%22%3A1%2C%22size%22%3A0.8%7D%2C%22m_UI_MiniMap_ToolButton%5C%2Fm_TL%5C%2Fm_Label_ChatContent%22%3A%7B%22nodeId%22%3A100%2C%22pos%22%3A%7B%22y%22%3A47%2C%22x%22%3A-526%7D%2C%22root%22%3A%22m_UI_MiniMap_ToolButton%22%2C%22path%22%3A%22m_TL%5C%2Fm_Label_ChatContent%22%2C%22alpha%22%3A1%2C%22size%22%3A0.81%7D%2C%22m_UI_KeySkill%5C%2Fm_BOTTON%5C%2Fm_Attack0%22%3A%7B%22nodeId%22%3A79%2C%22pos%22%3A%7B%22y%22%3A-241%2C%22x%22%3A464%7D%2C%22root%22%3A%22m_UI_KeySkill%22%2C%22path%22%3A%22m_BOTTON%5C%2Fm_Attack0%22%2C%22alpha%22%3A1%2C%22size%22%3A0.81%7D%2C%22m_UI_KeySkill%5C%2Fm_BOTTON%5C%2Fm_SkilPos_3%5C%2Fm_SkillPosC_3%22%3A%7B%22nodeId%22%3A80%2C%22pos%22%3A%7B%22y%22%3A-60%2C%22x%22%3A488%7D%2C%22root%22%3A%22m_UI_KeySkill%22%2C%22path%22%3A%22m_BOTTON%5C%2Fm_SkilPos_3%5C%2Fm_SkillPosC_3%22%2C%22alpha%22%3A1%2C%22size%22%3A0.81%7D%2C%22m_UI_BattleHeroNearby%5C%2Fm_BOTTON%5C%2Fm_HeroNearby%5C%2Fm_Sprite_Hero01%22%3A%7B%22nodeId%22%3A81%2C%22pos%22%3A%7B%22y%22%3A-172%2C%22x%22%3A172%7D%2C%22root%22%3A%22m_UI_BattleHeroNearby%22%2C%22path%22%3A%22m_BOTTON%5C%2Fm_HeroNearby%5C%2Fm_Sprite_Hero01%22%2C%22alpha%22%3A1%2C%22size%22%3A0.8%7D%2C%22m_UI_KeySkill%5C%2Fm_BOTTON%5C%2Fm_SkilPos_3%5C%2Fm_SkillPosB_3%22%3A%7B%22nodeId%22%3A82%2C%22pos%22%3A%7B%22y%22%3A-125%2C%22x%22%3A370%7D%2C%22root%22%3A%22m_UI_KeySkill%22%2C%22path%22%3A%22m_BOTTON%5C%2Fm_SkilPos_3%5C%2Fm_SkillPosB_3%22%2C%22alpha%22%3A1%2C%22size%22%3A0.8%7D%2C%22m_UI_KeySkill%5C%2Fm_BOTTON%5C%2Fm_SkilPos_4%5C%2Fm_SkillPosD_4%22%3A%7B%22nodeId%22%3A83%2C%22pos%22%3A%7B%22y%22%3A-50%2C%22x%22%3A504%7D%2C%22root%22%3A%22m_UI_KeySkill%22%2C%22path%22%3A%22m_BOTTON%5C%2Fm_SkilPos_4%5C%2Fm_SkillPosD_4%22%2C%22alpha%22%3A1%2C%22size%22%3A0.8%7D%2C%22m_UI_BattleHeroNearby%5C%2Fm_BOTTON%5C%2Fm_HeroNearby%5C%2Fm_Sprite_Hero03%22%3A%7B%22nodeId%22%3A84%2C%22pos%22%3A%7B%22y%22%3A-22%2C%22x%22%3A246%7D%2C%22root%22%3A%22m_UI_BattleHeroNearby%22%2C%22path%22%3A%22m_BOTTON%5C%2Fm_HeroNearby%5C%2Fm_Sprite_Hero03%22%2C%22alpha%22%3A1%2C%22size%22%3A0.8%7D%2C%22m_UI_BattleShowMessage%5C%2Fm_TOP%5C%2Fm_totalMessage%5C%2Fm_showMessage%22%3A%7B%22nodeId%22%3A85%2C%22pos%22%3A%7B%22y%22%3A17%2C%22x%22%3A0%7D%2C%22root%22%3A%22m_UI_BattleShowMessage%22%2C%22path%22%3A%22m_TOP%5C%2Fm_totalMessage%5C%2Fm_showMessage%22%2C%22alpha%22%3A1%2C%22size%22%3A0.8%7D%2C%22m_UI_KeySkill%5C%2Fm_BOTTON%5C%2Fm_extraSkillPos%5C%2Fm_extraSkillB%22%3A%7B%22nodeId%22%3A88%2C%22pos%22%3A%7B%22y%22%3A0%2C%22x%22%3A90%7D%2C%22root%22%3A%22m_UI_KeySkill%22%2C%22path%22%3A%22m_BOTTON%5C%2Fm_extraSkillPos%5C%2Fm_extraSkillB%22%2C%22alpha%22%3A1%2C%22size%22%3A0.81%7D%2C%22m_UI_BattleHeroNearby%5C%2Fm_BOTTON%5C%2Fm_HeroNearby%5C%2Fm_Sprite_Hero05%22%3A%7B%22nodeId%22%3A87%2C%22pos%22%3A%7B%22y%22%3A70%2C%22x%22%3A384%7D%2C%22root%22%3A%22m_UI_BattleHeroNearby%22%2C%22path%22%3A%22m_BOTTON%5C%2Fm_HeroNearby%5C%2Fm_Sprite_Hero05%22%2C%22alpha%22%3A1%2C%22size%22%3A0.81%7D%2C%22m_UI_MiniMap%5C%2Fm_TL%5C%2Fm_Map%22%3A%7B%22nodeId%22%3A86%2C%22pos%22%3A%7B%22y%22%3A234%2C%22x%22%3A-480%7D%2C%22root%22%3A%22m_UI_MiniMap%22%2C%22path%22%3A%22m_TL%5C%2Fm_Map%22%2C%22alpha%22%3A1%2C%22size%22%3A0.81%7D%2C%22m_UI_KeySkill%5C%2Fm_BOTTON%5C%2Fm_extraSkillPos%5C%2Fm_extraSkillD%22%3A%7B%22nodeId%22%3A89%2C%22pos%22%3A%7B%22y%22%3A325%2C%22x%22%3A450%7D%2C%22root%22%3A%22m_UI_KeySkill%22%2C%22path%22%3A%22m_BOTTON%5C%2Fm_extraSkillPos%5C%2Fm_extraSkillD%22%2C%22alpha%22%3A1%2C%22size%22%3A0.81%7D%2C%22m_UI_KeySkill%5C%2Fm_BOTTON%5C%2Fm_sprite_SkillCancel%22%3A%7B%22nodeId%22%3A90%2C%22pos%22%3A%7B%22y%22%3A173%2C%22x%22%3A375%7D%2C%22root%22%3A%22m_UI_KeySkill%22%2C%22path%22%3A%22m_BOTTON%5C%2Fm_sprite_SkillCancel%22%2C%22alpha%22%3A1%2C%22size%22%3A0.81%7D%2C%22m_UI_KeySkillExtra%5C%2Fm_BOTTON%5C%2Fm_BuffPos%22%3A%7B%22nodeId%22%3A91%2C%22pos%22%3A%7B%22y%22%3A-192%2C%22x%22%3A0%7D%2C%22root%22%3A%22m_UI_KeySkillExtra%22%2C%22path%22%3A%22m_BOTTON%5C%2Fm_BuffPos%22%2C%22alpha%22%3A1%2C%22size%22%3A0.8%7D%2C%22m_UI_Kill%5C%2Fm_TOP%5C%2Fm_Kill%22%3A%7B%22nodeId%22%3A96%2C%22pos%22%3A%7B%22y%22%3A42%2C%22x%22%3A-1%7D%2C%22root%22%3A%22m_UI_Kill%22%2C%22path%22%3A%22m_TOP%5C%2Fm_Kill%22%2C%22alpha%22%3A1%2C%22size%22%3A0.8%7D%2C%22m_UI_KeySkill%5C%2Fm_BOTTON%5C%2Fm_extraSkillPos%5C%2Fm_extraSkillG%22%3A%7B%22nodeId%22%3A95%2C%22pos%22%3A%7B%22y%22%3A0%2C%22x%22%3A-90%7D%2C%22root%22%3A%22m_UI_KeySkill%22%2C%22path%22%3A%22m_BOTTON%5C%2Fm_extraSkillPos%5C%2Fm_extraSkillG%22%2C%22alpha%22%3A1%2C%22size%22%3A0.81%7D%2C%22m_UI_KeySkill%5C%2Fm_BOTTON%5C%2Fm_SkilPos_4%5C%2Fm_SkillPosB_4%22%3A%7B%22nodeId%22%3A94%2C%22pos%22%3A%7B%22y%22%3A-160%2C%22x%22%3A340%7D%2C%22root%22%3A%22m_UI_KeySkill%22%2C%22path%22%3A%22m_BOTTON%5C%2Fm_SkilPos_4%5C%2Fm_SkillPosB_4%22%2C%22alpha%22%3A1%2C%22size%22%3A0.81%7D%2C%22m_UI_JoyStick%5C%2Fm_BOTTON%22%3A%7B%22nodeId%22%3A97%2C%22pos%22%3A%7B%22y%22%3A-33%2C%22x%22%3A-83%7D%2C%22root%22%3A%22m_UI_JoyStick%22%2C%22path%22%3A%22m_BOTTON%22%2C%22alpha%22%3A1%2C%22size%22%3A0.81%7D%2C%22m_UI_KeySkill%5C%2Fm_BOTTON%5C%2Fm_extraSkillPos%5C%2Fm_extraSkillA%22%3A%7B%22nodeId%22%3A93%2C%22pos%22%3A%7B%22y%22%3A0%2C%22x%22%3A0%7D%2C%22root%22%3A%22m_UI_KeySkill%22%2C%22path%22%3A%22m_BOTTON%5C%2Fm_extraSkillPos%5C%2Fm_extraSkillA%22%2C%22alpha%22%3A1%2C%22size%22%3A0.81%7D%2C%22m_UI_BattleHeroNearby%5C%2Fm_BOTTON%5C%2Fm_HeroNearby%5C%2Fm_Sprite_Hero02%22%3A%7B%22nodeId%22%3A92%2C%22pos%22%3A%7B%22y%22%3A-93%2C%22x%22%3A199%7D%2C%22root%22%3A%22m_UI_BattleHeroNearby%22%2C%22path%22%3A%22m_BOTTON%5C%2Fm_HeroNearby%5C%2Fm_Sprite_Hero02%22%2C%22alpha%22%3A1%2C%22size%22%3A0.81%7D%2C%22m_UI_BattleInfo%5C%2Fm_TR%22%3A%7B%22nodeId%22%3A98%2C%22pos%22%3A%7B%22y%22%3A63%2C%22x%22%3A110%7D%2C%22root%22%3A%22m_UI_BattleInfo%22%2C%22path%22%3A%22m_TR%22%2C%22alpha%22%3A1%2C%22size%22%3A0.81%7D%2C%22m_UI_KeySkill%5C%2Fm_BOTTON%5C%2Fm_SkilPos_4%5C%2Fm_SkillPosC_4%22%3A%7B%22nodeId%22%3A99%2C%22pos%22%3A%7B%22y%22%3A-90%2C%22x%22%3A410%7D%2C%22root%22%3A%22m_UI_KeySkill%22%2C%22path%22%3A%22m_BOTTON%5C%2Fm_SkilPos_4%5C%2Fm_SkillPosC_4%22%2C%22alpha%22%3A1%2C%22size%22%3A0.8%7D%2C%22m_UI_KeySkill%5C%2Fm_BOTTON%5C%2Fm_extraSkillPos%5C%2Fm_extraSkillC%22%3A%7B%22nodeId%22%3A78%2C%22pos%22%3A%7B%22y%22%3A0%2C%22x%22%3A180%7D%2C%22root%22%3A%22m_UI_KeySkill%22%2C%22path%22%3A%22m_BOTTON%5C%2Fm_extraSkillPos%5C%2Fm_extraSkillC%22%2C%22alpha%22%3A1%2C%22size%22%3A0.8%7D%7D%2C%22__version%22%3A2%2C%22panels%22%3A%7B%7D%7D</string>
    <string name="0_PushNotificatonActivity_PushEventURLLink__2023-10-09%2004%3A00%3A00-Event%20Lucky%20Hit%20Telah%20Hadir-Bundle%20Berharga%20hadir%20untuk%20waktu%20terbatas.%20Dapatkan%20Lucky%20Hit%20untuk%20memperoleh%20Skin%20permanen!%20%3E%3E%3E--1--15"></string>
    <int name="PreformanceVeryLowUpdate" value="1" />
    <int name="EnableNewLoginSocket" value="1" />
    <string name="0_PushNotificatonActivity_PushEventIfPic__2023-10-09%2004%3A00%3A00-Event%20Lucky%20Hit%20Telah%20Hadir-Bundle%20Berharga%20hadir%20untuk%20waktu%20terbatas.%20Dapatkan%20Lucky%20Hit%20untuk%20memperoleh%20Skin%20permanen!%20%3E%3E%3E--1--15">0</string>
    <int name="HighDefinition" value="2" />
    <int name="BattleScreenDrawManager.IsFirstRedPointSave_" value="1" />
    <string name="0_PushNotificatonActivity_PushEventPushId__f14b5eda3df015a2c6c8a0b87fada7e2">2420</string>
    <string name="0_PushNotificatonActivity_PushEventNames_">2023-10-30%2000%3A00%3A00-Penawaran%20Kejutan%20Halloween-Bane%20%22Castle%20Master%22%20kembali%20untuk%20waktu%20terbatas!%20Dapatkan%20DISKON%2030%25%20untuk%20semua%20Skin%20Halloween%20yang%20ada%20di%20Shop!--1--15%3B2023-10-28%2000%3A00%3A00-Premium%20Supply%20MLBB%20X%20Ducati-Login%20untuk%20memperoleh%20Ducati%20Token%20gratis.%20Jangan%20lewatkan!%20%3E%3E%3E--1--15%3B2023-10-25%2000%3A00%3A00-Karnaval%20Promo%20Hadir%20untuk%20Waktu%20Terbatas!-Login%20setiap%20hari%20untuk%20mendapatkan%20Promo%20Diamond%20gratis.%20Beli%20Skin%20dengan%20harga%20terendah%201%20Diamond!%20Ayo%20lihat!--1--15%3B2023-10-23%2000%3A00%3A00-Akai%20%22Pumpkin%20Brawler%22%20Telah%20Hadir-Akai%20%22Pumpkin%20Brawler%22%20telah%20hadir!%20Jangan%20lewatkan%20diskon%2030%25%20waktu%20terbatas!%20%3E%3E%3E--1--15%3B2023-10-21%2000%3A00%3A00-Kesempatan%20Terakhir%20untuk%20Memperoleh%20Skin%20Baru%20Johnson%20secara%20Gratis!-Raih%20kesempatan%20terakhir%20Anda%20untuk%20memperoleh%20Skin%20baru%20Johnson%20%22Starblazer%22%20gratis.%20Jangan%20lewatkan!%20%3E%3E--1--15%3B2023-10-16%2000%3A00%3A00-Pharsa%20%22Neon%20Shingetsu%22%20Telah%20Hadir-Pharsa%20%22Neon%20Shingetsu%22%20telah%20Hadir!%20Jangan%20lewatkan%20diskon%2030%25%20waktu%20terbatas!%20%3E%3E%3E--1--15%3B2023-10-14%2000%3A00%3A00-Premium%20Supply%20MLBB%20X%20Ducati-Login%20untuk%20memperoleh%20Ducati%20Token%20gratis.%20Jangan%20lewatkan!%20%3E%3E%3E--1--15%3B2023-10-14%2004%3A00%3A00-Event%20Ulang%20Tahun%20ke-7%20Segera%20Berakhir-Event%20perayaan%20Ulang%20Tahun%20ke-7%20segera%20berakhir.%20Jangan%20lewatkan%20semua%20hadiahnya!%20Login%20sekarang%20%3E%3E%3E--1--15%3B2023-10-09%2004%3A00%3A00-Event%20Lucky%20Hit%20Telah%20Hadir-Bundle%20Berharga%20hadir%20untuk%20waktu%20terbatas.%20Dapatkan%20Lucky%20Hit%20untuk%20memperoleh%20Skin%20permanen!%20%3E%3E%3E--1--15%3B2023-10-09%2000%3A00%3A00-Waktunya%20Mendapatkan%20Lebih%20Banyak%20Hadiah%20Ulang%20Tahun%20ke-7!-Ikuti%20Event%20Bonus%20Ulang%20Tahun%20ke-7%20untuk%20memperoleh%207th%20Anniversary%20Coin%20berlimpah%20dan%20tukarkan%20dengan%20hadiah%20menarik!%20Ikuti%20sekarang%20%3E%3E--1--15%3B2023-10-07%2000%3A00%3A00-Kejutan%20Ulang%20Tahun%20ke-7%20Anda%20telah%20hadir!-Login%20selama%20Perayaan%20Ulang%20Tahun%20ke-7%20untuk%20memperoleh%20hadiah%20ulang%20tahun%20berlimpah!%20Ayo%20lihat!%20%3E%3E--1--15%3B2023-10-07%2004%3A00%3A00-Kolaborasi%20MLBB%20X%20Ducati%20Telah%20Hadir-Skin%20kolaborasi%20baru%20Irithel%20%22Monster%20SP%20Rider%22%20dan%20Benedetta%20%22Panigale%20V4S%20Rider%22%20hadir%20untuk%20waktu%20terbatas!--1--15%3B2023-10-05%2000%3A00%3A00-Grand%20Collection%20Hadir%20untuk%20Waktu%20Terbatas-Vexana%20%22The%20Sun%20Empress%22%20telah%20hadir%20di%20Grand%20Collection.%20Coba%20keberuntungan%20Anda!%20%3E%3E%3E--1--15%3B2023-10-04%2000%3A00%3A00-Dapatkan%20Skin%20Baru%20Johnson%20Secara%20Gratis!-Bantu%20Johnson%20melintasi%20bintang-bintang%20untuk%20memperoleh%20Skin%20terbarunya%20secara%20gratis!%20Ayo%20%3E%3E%3E--1--15%3B2023-10-03%2000%3A00%3A00-Item%20Juara%20M3%20Kembali%20untuk%20Waktu%20Terbatas!-Skin%20Juara%20M3%20Estes%20%22Blacklist%20International%22%20dan%20M3%20Champion%20Chest%20kembali%20untuk%20waktu%20terbatas!%20Jangan%20lewatkan!%20%3E%3E%3E--1--15%3B65ca27ab2b24e5e3cf047a881a9774ce%3B3837a0bd60ed36bd61eec28b0b17cb20%3Bb019afd3667f8eb8a36d3ab5415fcf11%3Bd86252df96e9300023643b46ca377c2d%3Bc2eebd767a0a780333ec2132d6dbd53f%3B24717a2b6f4ee2f8483d7258fa9ff26b%3B63673784a278bdcd5571a81434b6462d%3Bf6c0778b863adc54c1e22c0d09a2d9b6%3Bcb0620ca7ee5798a0e62b1ce49c21d2a%3B327faf5120c2226cd641e0879c19bf2b%3Bf14b5eda3df015a2c6c8a0b87fada7e2%3B4249e4c22cca9f57a3ae3f7473a80ab6%3Bd31f004fae0a9dd4e27190a71116c43c%3Bb3421443d98bf0beafc83e9f56fa90be%3Bff7b7e7e1904085200ad1e2da0d7d6b2</string>
    <int name="16274_1497862053_IsFirstEnterAITrial1" value="1" />
    <int name="UnityGraphicsQuality" value="1" />
    <float name="ScoreAlpha" value="1.0" />
    <int name="_CheckOrientationtAvailable_" value="1" />
    <string name="ApplicationChannel">and_usa</string>
    <string name="0_PushNotificatonActivity_PushEventEndTime__d86252df96e9300023643b46ca377c2d">2023-10-07%2004%3A00%3A00</string>
    <string name="0_PushNotificatonActivity_PushEventUsrLabel__c2eebd767a0a780333ec2132d6dbd53f">0</string>
    <string name="0_PushNotificatonActivity_PushEventIfPic__d86252df96e9300023643b46ca377c2d">0</string>
    <float name="SetPanelBgArbg_Xiaomi%202201117PG" value="1.0" />
    <string name="0_PushNotificatonActivity_PushEventUsrLabel__b019afd3667f8eb8a36d3ab5415fcf11">0</string>
    <string name="16274_1497862053_ReportRaceLive_TotalViewingTimeMS">0</string>
    <string name="0_PushNotificatonActivity_PushEventPushId__d86252df96e9300023643b46ca377c2d">2407</string>
    <string name="ModeUpdateTrigger_100116274_1497862053_">170.1</string>
    <string name="16274_1497862053_eCIT_BattleUISetupNew_value">cFAAYQEAwL2aLwAAgA%3D%3D</string>
    <string name="OfflineModeData">1497862053%7C8%7CMaryam*1169%7C1382%3B%7C18%3B16%3B38%3B85%3B1%3B77%3B28%3B60%3B2%3B5%3B35%3B13%3B</string>
    <string name="0_PushNotificatonActivity_PushEventTestId__3837a0bd60ed36bd61eec28b0b17cb20">2404</string>
    <string name="0_PushNotificatonActivity_PushEventPushId__2023-10-25%2000%3A00%3A00-Karnaval%20Promo%20Hadir%20untuk%20Waktu%20Terbatas!-Login%20setiap%20hari%20untuk%20mendapatkan%20Promo%20Diamond%20gratis.%20Beli%20Skin%20dengan%20harga%20terendah%201%20Diamond!%20Ayo%20lihat!--1--15">2426</string>
    <string name="0_PushNotificatonActivity_PushEventPushId__63673784a278bdcd5571a81434b6462d">2412</string>
    <string name="0_PushNotificatonActivity_PushEventTestId__b3421443d98bf0beafc83e9f56fa90be">2427</string>
    <string name="0_PushNotificatonActivity_PushEventPushId__2023-10-07%2000%3A00%3A00-Kejutan%20Ulang%20Tahun%20ke-7%20Anda%20telah%20hadir!-Login%20selama%20Perayaan%20Ulang%20Tahun%20ke-7%20untuk%20memperoleh%20hadiah%20ulang%20tahun%20berlimpah!%20Ayo%20lihat!%20%3E%3E--1--15">2408</string>
    <int name="Key_EnterGameTime_Last" value="-1" />
    <int name="ping_prefCountryStart" value="1696139098" />
    <int name="IsOpenMultiNetWork" value="0" />
    <int name="16274_1497862053_Minranklvl_1" value="1" />
    <int name="PlayMusic" value="1" />
    <string name="0_PushNotificatonActivity_PushEventURLLink__2023-10-16%2000%3A00%3A00-Pharsa%20%22Neon%20Shingetsu%22%20Telah%20Hadir-Pharsa%20%22Neon%20Shingetsu%22%20telah%20Hadir!%20Jangan%20lewatkan%20diskon%2030%25%20waktu%20terbatas!%20%3E%3E%3E--1--15"></string>
    <string name="0_PushNotificatonActivity_PushEventSubPushId__c2eebd767a0a780333ec2132d6dbd53f">0</string>
    <string name="0_PushNotificatonActivity_PushEventEndTime__63673784a278bdcd5571a81434b6462d">2023-10-09%2004%3A00%3A00</string>
    <string name="0_PushNotificatonActivity_PushEventPushId__2023-10-09%2004%3A00%3A00-Event%20Lucky%20Hit%20Telah%20Hadir-Bundle%20Berharga%20hadir%20untuk%20waktu%20terbatas.%20Dapatkan%20Lucky%20Hit%20untuk%20memperoleh%20Skin%20permanen!%20%3E%3E%3E--1--15">2412</string>
    <int name="Key_EnterGameTime" value="6" />
    <string name="ModeUpdateTrigger_13016274_1497862053_">210.1</string>
    <int name="16274_1497862053_daily_task_num9" value="1" />
    <string name="0_PushNotificatonActivity_PushEventURLLink__24717a2b6f4ee2f8483d7258fa9ff26b"></string>
    <int name="Key_BeforeLoginReconnectNum" value="0" />
    <string name="0_PushNotificatonActivity_PushEventSubPushId__2023-10-30%2000%3A00%3A00-Penawaran%20Kejutan%20Halloween-Bane%20%22Castle%20Master%22%20kembali%20untuk%20waktu%20terbatas!%20Dapatkan%20DISKON%2030%25%20untuk%20semua%20Skin%20Halloween%20yang%20ada%20di%20Shop!--1--15">0</string>
    <string name="0_PushNotificatonActivity_PushEventSubPushId__24717a2b6f4ee2f8483d7258fa9ff26b">0</string>
    <int name="LastVeryHighMapDownloadType" value="1" />
    <string name="0_PushNotificatonActivity_PushEventSubPushId__2023-10-05%2000%3A00%3A00-Grand%20Collection%20Hadir%20untuk%20Waktu%20Terbatas-Vexana%20%22The%20Sun%20Empress%22%20telah%20hadir%20di%20Grand%20Collection.%20Coba%20keberuntungan%20Anda!%20%3E%3E%3E--1--15">0</string>
    <string name="0_PushNotificatonActivity_PushEventUsrLabel__2023-10-23%2000%3A00%3A00-Akai%20%22Pumpkin%20Brawler%22%20Telah%20Hadir-Akai%20%22Pumpkin%20Brawler%22%20telah%20hadir!%20Jangan%20lewatkan%20diskon%2030%25%20waktu%20terbatas!%20%3E%3E%3E--1--15">0</string>
    <string name="16274_1497862053_FriendFollowTips_Followed_SaveListKey"></string>
    <string name="__LastLoadResForceCheckVersion">894.1</string>
    <int name="16274_1497862053_eCIT_BattleUISetupNew_ver" value="9" />
    <string name="0_PushNotificatonActivity_PushEventURLLink__f6c0778b863adc54c1e22c0d09a2d9b6"></string>
    <int name="Key_EnableLoginLoadingCost" value="0" />
    <string name="0_PushNotificatonActivity_PushEventUsrLabel__24717a2b6f4ee2f8483d7258fa9ff26b">0</string>
    <string name="ModeUpdateTrigger_26016274_1497862053_">322.1</string>
    <string name="0_PushNotificatonActivity_PushEventUsrLabel__3837a0bd60ed36bd61eec28b0b17cb20">0</string>
    <string name="0_PushNotificatonActivity_PushEventIfPic__327faf5120c2226cd641e0879c19bf2b">0</string>
    <int name="16274_1497862053_daily_task_num5" value="1" />
    <int name="HDModeHighlights" value="0" />
    <string name="0_PushNotificatonActivity_PushEventEndTime__327faf5120c2226cd641e0879c19bf2b">2023-10-16%2000%3A00%3A00</string>
    <int name="BattleAniEmojiManager.IsFirstRedPointSave_16274_1497862053_" value="1" />
    <string name="16274_1497862053_eCIT_RedDotNew_value">cGAFANEPcADRDwEBUgEAZoAA3A9wANwPAQFSAQABgAD9B3AA%2FQcBAVIAgACbCHAAmwgBAVIAgACcCHAAnAgBAVIAgIA%3D</string>
    <string name="0_PushNotificatonActivity_PushEventUsrLabel__f6c0778b863adc54c1e22c0d09a2d9b6">0</string>
    <int name="CleanCacheClose" value="0" />
    <string name="0_PushNotificatonActivity_PushEventEndTime__2023-10-07%2004%3A00%3A00-Kolaborasi%20MLBB%20X%20Ducati%20Telah%20Hadir-Skin%20kolaborasi%20baru%20Irithel%20%22Monster%20SP%20Rider%22%20dan%20Benedetta%20%22Panigale%20V4S%20Rider%22%20hadir%20untuk%20waktu%20terbatas!--1--15">2023-10-07%2004%3A00%3A00</string>
    <string name="0_PushNotificatonActivity_PushEventTestId__d31f004fae0a9dd4e27190a71116c43c">2426</string>
    <string name="0_PushNotificatonActivity_PushEventUsrLabel__2023-10-05%2000%3A00%3A00-Grand%20Collection%20Hadir%20untuk%20Waktu%20Terbatas-Vexana%20%22The%20Sun%20Empress%22%20telah%20hadir%20di%20Grand%20Collection.%20Coba%20keberuntungan%20Anda!%20%3E%3E%3E--1--15">0</string>
    <string name="0_PushNotificatonActivity_PushEventIfPic__2023-10-14%2004%3A00%3A00-Event%20Ulang%20Tahun%20ke-7%20Segera%20Berakhir-Event%20perayaan%20Ulang%20Tahun%20ke-7%20segera%20berakhir.%20Jangan%20lewatkan%20semua%20hadiahnya!%20Login%20sekarang%20%3E%3E%3E--1--15">0</string>
    <int name="JsonKeyLanIDRecord" value="20" />
    <int name="BattleCoupMode" value="0" />
    <int name="DpiLimitRate3d" value="120" />
    <float name="VeryHighSettingBrightness" value="1.0" />
    <int name="TeamEntryManager.MyTeamIsLeader16274_1497862053_" value="0" />
    <int name="LastVeryHighMapQualify" value="0" />
    <int name="HighFpsModeSee" value="5" />
    <string name="16274_1497862053_LiveStreamListManager_NewTag_YouTube_20_84e22a3979a4257f3f683849d23ab2f2">ffd26c29e803baba03d0aa07a5aba6c9</string>
    <int name="Screenmanager%20Fullscreen%20mode" value="-1" />
    <string name="0_PushNotificatonActivity_PushEventSubPushId__b019afd3667f8eb8a36d3ab5415fcf11">0</string>
    <string name="0_PushNotificatonActivity_PushEventTestId__2023-10-07%2000%3A00%3A00-Kejutan%20Ulang%20Tahun%20ke-7%20Anda%20telah%20hadir!-Login%20selama%20Perayaan%20Ulang%20Tahun%20ke-7%20untuk%20memperoleh%20hadiah%20ulang%20tahun%20berlimpah!%20Ayo%20lihat!%20%3E%3E--1--15">2408</string>
    <string name="0_PushNotificatonActivity_PushEventURLLink__2023-10-14%2000%3A00%3A00-Premium%20Supply%20MLBB%20X%20Ducati-Login%20untuk%20memperoleh%20Ducati%20Token%20gratis.%20Jangan%20lewatkan!%20%3E%3E%3E--1--15"></string>
    <string name="Key_MemoryPoolConfig">1%3B1%3B0%3B120000%3B32-2000-20000%2664-1000-5000%26128-100-200%26256-10-100%26512-5-10</string>
    <string name="TimedTaskActivityNeedShowRedPoint1132">3092023</string>
    <string name="0_PushNotificatonActivity_PushEventSubPushId__3837a0bd60ed36bd61eec28b0b17cb20">0</string>
    <string name="DeleteVersionPref">894.1</string>
    <int name="Voice" value="1" />
    <string name="0_PushNotificatonActivity_PushEventPushId__327faf5120c2226cd641e0879c19bf2b">2415</string>
    <string name="0_PushNotificatonActivity_PushEventURLLink__4249e4c22cca9f57a3ae3f7473a80ab6"></string>
    <string name="0_PushNotificatonActivity_PushEventPushId__2023-10-14%2000%3A00%3A00-Premium%20Supply%20MLBB%20X%20Ducati-Login%20untuk%20memperoleh%20Ducati%20Token%20gratis.%20Jangan%20lewatkan!%20%3E%3E%3E--1--15">2414</string>
    <int name="HeadBloodMove" value="1" />
    <int name="KeySkillNeedTarget" value="0" />
    <string name="16274_1497862053_WareHouseManagerNewPerfermanceKey">%2C99700%2C99701%2C99702%2C99733%2C99804</string>
    <string name="0_PushNotificatonActivity_PushEventIfPic__cb0620ca7ee5798a0e62b1ce49c21d2a">0</string>
    <string name="0_PushNotificatonActivity_PushEventEndTime__b019afd3667f8eb8a36d3ab5415fcf11">2023-10-05%2000%3A00%3A00</string>
    <string name="0_PushNotificatonActivity_PushEventIfPic__d31f004fae0a9dd4e27190a71116c43c">0</string>
    <int name="OfflineModeOpen" value="1" />
    <string name="16274_1497862053__LiveStreamListManager_RecommendMD5_">3ad267afb2b25ee4f145cea9c0e57201</string>
    <string name="NewEntertainmentsMode"></string>
    <int name="IsOpenUDPNetWork1_show" value="0" />
    <string name="0_PushNotificatonActivity_PushEventIfPic__4249e4c22cca9f57a3ae3f7473a80ab6">0</string>
    <string name="0_PushNotificatonActivity_PushEventUsrLabel__65ca27ab2b24e5e3cf047a881a9774ce">0</string>
    <int name="ParticleQuality" value="1" />
    <string name="0_PushNotificatonActivity_PushEventTestId__f6c0778b863adc54c1e22c0d09a2d9b6">2413</string>
    <string name="ModeUpdateTrigger_55016274_1497862053_">9.1</string>
    <string name="0_PushNotificatonActivity_PushEventURLLink__cb0620ca7ee5798a0e62b1ce49c21d2a"></string>
    <string name="0_PushNotificatonActivity_PushEventTestId__2023-10-16%2000%3A00%3A00-Pharsa%20%22Neon%20Shingetsu%22%20Telah%20Hadir-Pharsa%20%22Neon%20Shingetsu%22%20telah%20Hadir!%20Jangan%20lewatkan%20diskon%2030%25%20waktu%20terbatas!%20%3E%3E%3E--1--15">2415</string>
    <int name="EnableReportServerOpt" value="1" />
    <string name="0_PushNotificatonActivity_PushEventSubPushId__2023-10-09%2000%3A00%3A00-Waktunya%20Mendapatkan%20Lebih%20Banyak%20Hadiah%20Ulang%20Tahun%20ke-7!-Ikuti%20Event%20Bonus%20Ulang%20Tahun%20ke-7%20untuk%20memperoleh%207th%20Anniversary%20Coin%20berlimpah%20dan%20tukarkan%20dengan%20hadiah%20menarik!%20Ikuti%20sekarang%20%3E%3E--1--15">0</string>
    <string name="0_PushNotificatonActivity_PushEventSubPushId__2023-10-04%2000%3A00%3A00-Dapatkan%20Skin%20Baru%20Johnson%20Secara%20Gratis!-Bantu%20Johnson%20melintasi%20bintang-bintang%20untuk%20memperoleh%20Skin%20terbarunya%20secara%20gratis!%20Ayo%20%3E%3E%3E--1--15">0</string>
    <string name="0_PushNotificatonActivity_PushEventURLLink__d31f004fae0a9dd4e27190a71116c43c"></string>
    <string name="0_PushNotificatonActivity_PushEventSubPushId__63673784a278bdcd5571a81434b6462d">0</string>
    <int name="Analytics_LastEnterMainCityCount" value="1" />
    <string name="16274_1497862053_ReportRaceLive_TotalResidenceTimeMS">0</string>
    <string name="Key_LoginCloseInfo"></string>
    <int name="stack_size" value="0" />
    <string name="0_PushNotificatonActivity_PushEventTestId__b019afd3667f8eb8a36d3ab5415fcf11">2405</string>
    <int name="Shock" value="1" />
    <int name="CameraHeight" value="1" />
    <string name="0_PushNotificatonActivity_PushEventIfPic__2023-10-28%2000%3A00%3A00-Premium%20Supply%20MLBB%20X%20Ducati-Login%20untuk%20memperoleh%20Ducati%20Token%20gratis.%20Jangan%20lewatkan!%20%3E%3E%3E--1--15">0</string>
    <string name="0_PushNotificatonActivity_PushEventEndTime__2023-10-14%2000%3A00%3A00-Premium%20Supply%20MLBB%20X%20Ducati-Login%20untuk%20memperoleh%20Ducati%20Token%20gratis.%20Jangan%20lewatkan!%20%3E%3E%3E--1--15">2023-10-14%2000%3A00%3A00</string>
    <string name="0_PushNotificatonActivity_PushEventIfPic__63673784a278bdcd5571a81434b6462d">0</string>
    <string name="16274_1497862053_PhotoMessageBoxData">%7B%7D</string>
    <int name="job_num" value="0" />
    <string name="ModeUpdateTrigger_27016274_1497862053_">304.1</string>
    <float name="WheelValue" value="1.0" />
    <string name="16274_1497862053_BattleUISetupConf">%7B%22__version%22%3A2%2C%22name%22%3A%22type1%22%2C%22idx%22%3A2%2C%22panels%22%3A%7B%7D%7D</string>
    <int name="NewUIHeroInteractLv_16274_1497862053_" value="1" />
    <int name="IndicatorFollowLock" value="1" />
    <string name="0_PushNotificatonActivity_PushEventEndTime__2023-10-23%2000%3A00%3A00-Akai%20%22Pumpkin%20Brawler%22%20Telah%20Hadir-Akai%20%22Pumpkin%20Brawler%22%20telah%20hadir!%20Jangan%20lewatkan%20diskon%2030%25%20waktu%20terbatas!%20%3E%3E%3E--1--15">2023-10-23%2000%3A00%3A00</string>
    <string name="0_PushNotificatonActivity_PushEventURLLink__2023-10-07%2000%3A00%3A00-Kejutan%20Ulang%20Tahun%20ke-7%20Anda%20telah%20hadir!-Login%20selama%20Perayaan%20Ulang%20Tahun%20ke-7%20untuk%20memperoleh%20hadiah%20ulang%20tahun%20berlimpah!%20Ayo%20lihat!%20%3E%3E--1--15"></string>
    <int name="BActiveHighlights" value="0" />
    <int name="UITeamMatchLua_HaveBattle_NewTips" value="1" />
    <int name="Stroke" value="0" />
    <int name="GSDK_ByteBench_Report_Date" value="20230930" />
    <int name="VeryHighSettingWaterRipper" value="0" />
    <string name="0_PushNotificatonActivity_PushEventIfPic__f14b5eda3df015a2c6c8a0b87fada7e2">0</string>
    <string name="0_PushNotificatonActivity_PushEventPushId__3837a0bd60ed36bd61eec28b0b17cb20">2404</string>
    <string name="0_PushNotificatonActivity_PushEventUsrLabel__2023-10-25%2000%3A00%3A00-Karnaval%20Promo%20Hadir%20untuk%20Waktu%20Terbatas!-Login%20setiap%20hari%20untuk%20mendapatkan%20Promo%20Diamond%20gratis.%20Beli%20Skin%20dengan%20harga%20terendah%201%20Diamond!%20Ayo%20lihat!--1--15">0</string>
    <int name="IsMinimalDevice" value="0" />
    <string name="0_PushNotificatonActivity_PushEventEndTime__2023-10-14%2004%3A00%3A00-Event%20Ulang%20Tahun%20ke-7%20Segera%20Berakhir-Event%20perayaan%20Ulang%20Tahun%20ke-7%20segera%20berakhir.%20Jangan%20lewatkan%20semua%20hadiahnya!%20Login%20sekarang%20%3E%3E%3E--1--15">2023-10-14%2004%3A00%3A00</string>
    <int name="iSkillInfoFont" value="0" />
    <string name="0_PushNotificatonActivity_PushEventSubPushId__d31f004fae0a9dd4e27190a71116c43c">0</string>
    <int name="HeroAdjustActivity.ShowRed" value="1" />
    <string name="0_PushNotificatonActivity_PushEventURLLink__f14b5eda3df015a2c6c8a0b87fada7e2"></string>
    <string name="__CachedRealAdvertisingID__">cdc5c5ca-fe4e-4875-932a-55cf77abc668</string>
    <string name="16274_1497862053__OperateSettings_0">%7B%22m_bTowerHPMove%22%3Atrue%7D</string>
    <string name="0_PushNotificatonActivity_PushEventUsrLabel__2023-10-07%2000%3A00%3A00-Kejutan%20Ulang%20Tahun%20ke-7%20Anda%20telah%20hadir!-Login%20selama%20Perayaan%20Ulang%20Tahun%20ke-7%20untuk%20memperoleh%20hadiah%20ulang%20tahun%20berlimpah!%20Ayo%20lihat!%20%3E%3E--1--15">0</string>
    <string name="16274_1497862053_LiveStreamListManager_NewTag_YouTube_20_21fba05a3a8d59741fc4036e26650939">23832f386b73f251aa2b6ee31eadf21b</string>
    <int name="playerprefs_check" value="1" />
    <string name="0_PushNotificatonActivity_PushEventPushId__2023-10-16%2000%3A00%3A00-Pharsa%20%22Neon%20Shingetsu%22%20Telah%20Hadir-Pharsa%20%22Neon%20Shingetsu%22%20telah%20Hadir!%20Jangan%20lewatkan%20diskon%2030%25%20waktu%20terbatas!%20%3E%3E%3E--1--15">2415</string>
    <int name="AdsOnOff" value="1" />
    <int name="HurtStay" value="1" />
    <int name="TeamEntryManager.MyTeamIdCache16274_1497862053_" value="0" />
    <int name="TaskWifieHighlights" value="0" />
    <int name="Screenmanager%20Resolution%20Width" value="2400" />
    <string name="JsonLocalVersion">1.8.20.894.1</string>
    <int name="MonsterLife" value="1" />
    <string name="0_PushNotificatonActivity_PushEventEndTime__2023-10-04%2000%3A00%3A00-Dapatkan%20Skin%20Baru%20Johnson%20Secara%20Gratis!-Bantu%20Johnson%20melintasi%20bintang-bintang%20untuk%20memperoleh%20Skin%20terbarunya%20secara%20gratis!%20Ayo%20%3E%3E%3E--1--15">2023-10-04%2000%3A00%3A00</string>
    <string name="0_PushNotificatonActivity_PushEventTestId__2023-10-25%2000%3A00%3A00-Karnaval%20Promo%20Hadir%20untuk%20Waktu%20Terbatas!-Login%20setiap%20hari%20untuk%20mendapatkan%20Promo%20Diamond%20gratis.%20Beli%20Skin%20dengan%20harga%20terendah%201%20Diamond!%20Ayo%20lihat!--1--15">2426</string>
    <string name="0_PushNotificatonActivity_PushEventSubPushId__4249e4c22cca9f57a3ae3f7473a80ab6">0</string>
    <int name="ADJ_DailyTaskNumReach9" value="1" />
    <int name="TaskCloseHighlights" value="1" />
    <string name="16274_1497862053_BattleUISetupHeroUsage">%7B%22__saveNum%22%3A0%2C%22heroUsagePrefKeys%22%3A%7B%2253%22%3A%2216274_1497862053_BattleUISetupConf__type1%22%2C%2243%22%3A%2216274_1497862053_BattleUISetupConf__type1%22%2C%2273%22%3A%2216274_1497862053_BattleUISetupConf__type1%22%2C%2263%22%3A%2216274_1497862053_BattleUISetupConf__type1%22%2C%2247%22%3A%2216274_1497862053_BattleUISetupConf__type1%22%2C%2237%22%3A%2216274_1497862053_BattleUISetupConf__type1%22%2C%2267%22%3A%2216274_1497862053_BattleUISetupConf__type1%22%2C%2257%22%3A%2216274_1497862053_BattleUISetupConf__type1%22%2C%22112%22%3A%2216274_1497862053_BattleUISetupConf__type1%22%2C%229%22%3A%2216274_1497862053_BattleUISetupConf__type1%22%2C%2295%22%3A%2216274_1497862053_BattleUISetupConf__type1%22%2C%22115%22%3A%2216274_1497862053_BattleUISetupConf__type1%22%2C%22120%22%3A%2216274_1497862053_BattleUISetupConf__type1%22%2C%22113%22%3A%2216274_1497862053_BattleUISetupConf__type1%22%2C%22118%22%3A%2216274_1497862053_BattleUISetupConf__type1%22%2C%22111%22%3A%2216274_1497862053_BattleUISetupConf__type1%22%2C%22117%22%3A%2216274_1497862053_BattleUISetupConf__type1%22%2C%22116%22%3A%2216274_1497862053_BattleUISetupConf__type1%22%2C%22114%22%3A%2216274_1497862053_BattleUISetupConf__type1%22%2C%22119%22%3A%2216274_1497862053_BattleUISetupConf__type1%22%2C%2227%22%3A%2216274_1497862053_BattleUISetupConf__type1%22%2C%2217%22%3A%2216274_1497862053_BattleUISetupConf__type1%22%2C%2213%22%3A%2216274_1497862053_BattleUISetupConf__type1%22%2C%22110%22%3A%2216274_1497862053_BattleUISetupConf__type1%22%2C%2233%22%3A%2216274_1497862053_BattleUISetupConf__type1%22%2C%2223%22%3A%2216274_1497862053_BattleUISetupConf__type1%22%2C%2242%22%3A%2216274_1497862053_BattleUISetupConf__type1%22%2C%2252%22%3A%2216274_1497862053_BattleUISetupConf__type1%22%2C%2262%22%3A%2216274_1497862053_BattleUISetupConf__type1%22%2C%2272%22%3A%2216274_1497862053_BattleUISetupConf__type1%22%2C%2236%22%3A%2216274_1497862053_BattleUISetupConf__type1%22%2C%2246%22%3A%2216274_1497862053_BattleUISetupConf__type1%22%2C%2256%22%3A%2216274_1497862053_BattleUISetupConf__type1%22%2C%2266%22%3A%2216274_1497862053_BattleUISetupConf__type1%22%2C%22109%22%3A%2216274_1497862053_BattleUISetupConf__type1%22%2C%22106%22%3A%2216274_1497862053_BattleUISetupConf__type1%22%2C%22100%22%3A%2216274_1497862053_BattleUISetupConf__type1%22%2C%22107%22%3A%2216274_1497862053_BattleUISetupConf__type1%22%2C%2280%22%3A%2216274_1497862053_BattleUISetupConf__type1%22%2C%22122%22%3A%2216274_1497862053_BattleUISetupConf__type1%22%2C%22103%22%3A%2216274_1497862053_BattleUISetupConf__type1%22%2C%22102%22%3A%2216274_1497862053_BattleUISetupConf__type1%22%2C%2276%22%3A%2216274_1497862053_BattleUISetupConf__type1%22%2C%22108%22%3A%2216274_1497862053_BattleUISetupConf__type1%22%2C%2290%22%3A%2216274_1497862053_BattleUISetupConf__type1%22%2C%2283%22%3A%2216274_1497862053_BattleUISetupConf__type1%22%2C%2297%22%3A%2216274_1497862053_BattleUISetupConf__type1%22%2C%2296%22%3A%2216274_1497862053_BattleUISetupConf__type1%22%2C%22121%22%3A%2216274_1497862053_BattleUISetupConf__type1%22%2C%2294%22%3A%2216274_1497862053_BattleUISetupConf__type1%22%2C%2293%22%3A%2216274_1497862053_BattleUISetupConf__type1%22%2C%2292%22%3A%2216274_1497862053_BattleUISetupConf__type1%22%2C%2216%22%3A%2216274_1497862053_BattleUISetupConf__type1%22%2C%2226%22%3A%2216274_1497862053_BattleUISetupConf__type1%22%2C%2291%22%3A%2216274_1497862053_BattleUISetupConf__type1%22%2C%2212%22%3A%2216274_1497862053_BattleUISetupConf__type1%22%2C%2222%22%3A%2216274_1497862053_BattleUISetupConf__type1%22%2C%2232%22%3A%2216274_1497862053_BattleUISetupConf__type1%22%2C%2271%22%3A%2216274_1497862053_BattleUISetupConf__type1%22%2C%2261%22%3A%2216274_1497862053_BattleUISetupConf__type1%22%2C%2251%22%3A%2216274_1497862053_BattleUISetupConf__type1%22%2C%2241%22%3A%2216274_1497862053_BattleUISetupConf__type1%22%2C%2265%22%3A%2216274_1497862053_BattleUISetupConf__type1%22%2C%2255%22%3A%2216274_1497862053_BattleUISetupConf__type1%22%2C%2245%22%3A%2216274_1497862053_BattleUISetupConf__type1%22%2C%2235%22%3A%2216274_1497862053_BattleUISetupConf__type1%22%2C%2259%22%3A%2216274_1497862053_BattleUISetupConf__type1%22%2C%2249%22%3A%2216274_1497862053_BattleUISetupConf__type1%22%2C%2239%22%3A%2216274_1497862053_BattleUISetupConf__type1%22%2C%2229%22%3A%2216274_1497862053_BattleUISetupConf__type1%22%2C%2299%22%3A%2216274_1497862053_BattleUISetupConf__type1%22%2C%2289%22%3A%2216274_1497862053_BattleUISetupConf__type1%22%2C%2279%22%3A%2216274_1497862053_BattleUISetupConf__type1%22%2C%2269%22%3A%2216274_1497862053_BattleUISetupConf__type1%22%2C%221%22%3A%2216274_1497862053_BattleUISetupConf__type1%22%2C%2284%22%3A%2216274_1497862053_BattleUISetupConf__type1%22%2C%223%22%3A%2216274_1497862053_BattleUISetupConf__type1%22%2C%222%22%3A%2216274_1497862053_BattleUISetupConf__type1%22%2C%2219%22%3A%2216274_1497862053_BattleUISetupConf__type1%22%2C%224%22%3A%2216274_1497862053_BattleUISetupConf__type1%22%2C%227%22%3A%2216274_1497862053_BattleUISetupConf__type1%22%2C%226%22%3A%2216274_1497862053_BattleUISetupConf__type1%22%2C%2225%22%3A%2216274_1497862053_BattleUISetupConf__type1%22%2C%2215%22%3A%2216274_1497862053_BattleUISetupConf__type1%22%2C%2287%22%3A%2216274_1497862053_BattleUISetupConf__type1%22%2C%2286%22%3A%2216274_1497862053_BattleUISetupConf__type1%22%2C%2231%22%3A%2216274_1497862053_BattleUISetupConf__type1%22%2C%2221%22%3A%2216274_1497862053_BattleUISetupConf__type1%22%2C%2211%22%3A%2216274_1497862053_BattleUISetupConf__type1%22%2C%2285%22%3A%2216274_1497862053_BattleUISetupConf__type1%22%2C%2260%22%3A%2216274_1497862053_BattleUISetupConf__type1%22%2C%2270%22%3A%2216274_1497862053_BattleUISetupConf__type1%22%2C%2240%22%3A%2216274_1497862053_BattleUISetupConf__type1%22%2C%2250%22%3A%2216274_1497862053_BattleUISetupConf__type1%22%2C%2254%22%3A%2216274_1497862053_BattleUISetupConf__type1%22%2C%2264%22%3A%2216274_1497862053_BattleUISetupConf__type1%22%2C%2234%22%3A%2216274_1497862053_BattleUISetupConf__type1%22%2C%2244%22%3A%2216274_1497862053_BattleUISetupConf__type1%22%2C%2248%22%3A%2216274_1497862053_BattleUISetupConf__type1%22%2C%2258%22%3A%2216274_1497862053_BattleUISetupConf__type1%22%2C%2228%22%3A%2216274_1497862053_BattleUISetupConf__type1%22%2C%2238%22%3A%2216274_1497862053_BattleUISetupConf__type1%22%2C%2288%22%3A%2216274_1497862053_BattleUISetupConf__type1%22%2C%2298%22%3A%2216274_1497862053_BattleUISetupConf__type1%22%2C%2268%22%3A%2216274_1497862053_BattleUISetupConf__type1%22%2C%2278%22%3A%2216274_1497862053_BattleUISetupConf__type1%22%2C%2282%22%3A%2216274_1497862053_BattleUISetupConf__type1%22%2C%2281%22%3A%2216274_1497862053_BattleUISetupConf__type1%22%2C%22105%22%3A%2216274_1497862053_BattleUISetupConf__type1%22%2C%2277%22%3A%2216274_1497862053_BattleUISetupConf__type1%22%2C%22101%22%3A%2216274_1497862053_BattleUISetupConf__type1%22%2C%2218%22%3A%2216274_1497862053_BattleUISetupConf__type1%22%2C%2275%22%3A%2216274_1497862053_BattleUISetupConf__type1%22%2C%2274%22%3A%2216274_1497862053_BattleUISetupConf__type1%22%2C%2214%22%3A%2216274_1497862053_BattleUISetupConf__type1%22%2C%2224%22%3A%2216274_1497862053_BattleUISetupConf__type1%22%2C%225%22%3A%2216274_1497862053_BattleUISetupConf__type1%22%2C%22104%22%3A%2216274_1497862053_BattleUISetupConf__type1%22%2C%2220%22%3A%2216274_1497862053_BattleUISetupConf__type1%22%2C%2230%22%3A%2216274_1497862053_BattleUISetupConf__type1%22%2C%228%22%3A%2216274_1497862053_BattleUISetupConf__type1%22%2C%2210%22%3A%2216274_1497862053_BattleUISetupConf__type1%22%7D%2C%22heroUsages%22%3A%7B%2253%22%3A2%2C%2243%22%3A2%2C%2273%22%3A2%2C%2263%22%3A2%2C%2247%22%3A2%2C%2237%22%3A2%2C%2267%22%3A2%2C%2257%22%3A2%2C%22112%22%3A2%2C%229%22%3A2%2C%2295%22%3A2%2C%22115%22%3A2%2C%22120%22%3A2%2C%22113%22%3A2%2C%22118%22%3A2%2C%22111%22%3A2%2C%22117%22%3A2%2C%22116%22%3A2%2C%22114%22%3A2%2C%22119%22%3A2%2C%2227%22%3A2%2C%2217%22%3A2%2C%2213%22%3A2%2C%22110%22%3A2%2C%2233%22%3A2%2C%2223%22%3A2%2C%2242%22%3A2%2C%2252%22%3A2%2C%2262%22%3A2%2C%2272%22%3A2%2C%2236%22%3A2%2C%2246%22%3A2%2C%2256%22%3A2%2C%2266%22%3A2%2C%22109%22%3A2%2C%22106%22%3A2%2C%22100%22%3A2%2C%22107%22%3A2%2C%2280%22%3A2%2C%22122%22%3A2%2C%22103%22%3A2%2C%22102%22%3A2%2C%2276%22%3A2%2C%22108%22%3A2%2C%2290%22%3A2%2C%2283%22%3A2%2C%2297%22%3A2%2C%2296%22%3A2%2C%22121%22%3A2%2C%2294%22%3A2%2C%2293%22%3A2%2C%2292%22%3A2%2C%2216%22%3A2%2C%2226%22%3A2%2C%2291%22%3A2%2C%2212%22%3A2%2C%2222%22%3A2%2C%2232%22%3A2%2C%2271%22%3A2%2C%2261%22%3A2%2C%2251%22%3A2%2C%2241%22%3A2%2C%2265%22%3A2%2C%2255%22%3A2%2C%2245%22%3A2%2C%2235%22%3A2%2C%2259%22%3A2%2C%2249%22%3A2%2C%2239%22%3A2%2C%2229%22%3A2%2C%2299%22%3A2%2C%2289%22%3A2%2C%2279%22%3A2%2C%2269%22%3A2%2C%221%22%3A2%2C%2284%22%3A2%2C%223%22%3A2%2C%222%22%3A2%2C%2219%22%3A2%2C%224%22%3A2%2C%227%22%3A2%2C%226%22%3A2%2C%2225%22%3A2%2C%2215%22%3A2%2C%2287%22%3A2%2C%2286%22%3A2%2C%2231%22%3A2%2C%2221%22%3A2%2C%2211%22%3A2%2C%2285%22%3A2%2C%2260%22%3A2%2C%2270%22%3A2%2C%2240%22%3A2%2C%2250%22%3A2%2C%2254%22%3A2%2C%2264%22%3A2%2C%2234%22%3A2%2C%2244%22%3A2%2C%2248%22%3A2%2C%2258%22%3A2%2C%2228%22%3A2%2C%2238%22%3A2%2C%2288%22%3A2%2C%2298%22%3A2%2C%2268%22%3A2%2C%2278%22%3A2%2C%2282%22%3A2%2C%2281%22%3A2%2C%22105%22%3A2%2C%2277%22%3A2%2C%22101%22%3A2%2C%2218%22%3A2%2C%2275%22%3A2%2C%2274%22%3A2%2C%2214%22%3A2%2C%2224%22%3A2%2C%225%22%3A2%2C%22104%22%3A2%2C%2220%22%3A2%2C%2230%22%3A2%2C%228%22%3A2%2C%2210%22%3A2%7D%7D</string>
    <string name="0_PushNotificatonActivity_PushEventPushId__65ca27ab2b24e5e3cf047a881a9774ce">2403</string>
    <string name="16274_1497862053_BattleUISetupConf__pure">%7B%22idx%22%3A4%2C%22name%22%3A%22pure%22%2C%22__editInfos%22%3A%7B%22m_UI_MiniMap%5C%2Fm_TL%5C%2Fm_Map%22%3A%7B%22nodeId%22%3A101%2C%22pos%22%3A%7B%22y%22%3A220%2C%22x%22%3A-469%7D%2C%22root%22%3A%22m_UI_MiniMap%22%2C%22path%22%3A%22m_TL%5C%2Fm_Map%22%2C%22alpha%22%3A0.7%2C%22size%22%3A1%7D%7D%2C%22__version%22%3A2%2C%22panels%22%3A%7B%7D%7D</string>
    <string name="0_PushNotificatonActivity_PushEventSubPushId__2023-10-09%2004%3A00%3A00-Event%20Lucky%20Hit%20Telah%20Hadir-Bundle%20Berharga%20hadir%20untuk%20waktu%20terbatas.%20Dapatkan%20Lucky%20Hit%20untuk%20memperoleh%20Skin%20permanen!%20%3E%3E%3E--1--15">0</string>
    <string name="16274_1497862053_LiveStreamListManager_NewTag_YouTube_20_5e8aec84b9773a19226c131a07d33223">6f7b5709ec30c23d71557c94fcd60b29</string>
    <string name="0_PushNotificatonActivity_PushEventUsrLabel__2023-10-30%2000%3A00%3A00-Penawaran%20Kejutan%20Halloween-Bane%20%22Castle%20Master%22%20kembali%20untuk%20waktu%20terbatas!%20Dapatkan%20DISKON%2030%25%20untuk%20semua%20Skin%20Halloween%20yang%20ada%20di%20Shop!--1--15">0</string>
    <string name="0_PushNotificatonActivity_PushEventIfPic__65ca27ab2b24e5e3cf047a881a9774ce">0</string>
    <string name="0_PushNotificatonActivity_PushEventURLLink__63673784a278bdcd5571a81434b6462d"></string>
    <int name="CreateRolePush" value="0" />
    <int name="PlayNativeVideo" value="0" />
    <string name="0_PushNotificatonActivity_PushEventIfPic__24717a2b6f4ee2f8483d7258fa9ff26b">0</string>
    <string name="0_PushNotificatonActivity_PushEventUsrLabel__4249e4c22cca9f57a3ae3f7473a80ab6">0</string>
    <int name="DNS_Error" value="0" />
    <string name="0_PushNotificatonActivity_PushEventUsrLabel__f14b5eda3df015a2c6c8a0b87fada7e2">0</string>
    <string name="0_PushNotificatonActivity_PushEventPushId__2023-10-05%2000%3A00%3A00-Grand%20Collection%20Hadir%20untuk%20Waktu%20Terbatas-Vexana%20%22The%20Sun%20Empress%22%20telah%20hadir%20di%20Grand%20Collection.%20Coba%20keberuntungan%20Anda!%20%3E%3E%3E--1--15">2405</string>
    <int name="ClearHighDefinitionSetUp" value="1" />
    <int name="WareHouseManager.IsFirstRedPointSave_16274_1497862053_" value="1" />
    <int name="PreformanceLvUpdate" value="1" />
    <string name="ModeUpdateTrigger_41016274_1497862053_">240.1</string>
    <int name="Shadow" value="1" />
    <string name="16274_1497862053_LiveStreamListManager_NewTag_YouTube_20_b238c5fccdb1dc0b206edf760919a926">d938056294d87ce48899c7116d349cf1</string>
    <string name="0_PushNotificatonActivity_PushEventPushId__24717a2b6f4ee2f8483d7258fa9ff26b">2411</string>
    <int name="MachnePerformanceReport" value="1" />
    <int name="DNS_Timeout" value="0" />
    <string name="16274_1497862053_ReportRaceLive_YMD">2023-9-30</string>
    <string name="Analytics_LastActiveUIs">2082-UI_FriendList_new(0)%2C2083-UI_MainInterface_Fortifications_New(0)%2C32-UI_SystemSetup(0)%2C2082-UI_FriendList_new(0)%2C2083-UI_MainInterface_Fortifications_New(0)</string>
    <string name="PackagePrefVersion">894.1</string>
    <int name="GSDKCoreLogin" value="0" />
    <string name="ModeUpdateTrigger_100516274_1497862053_">170.1</string>
    <string name="JsonLocalOldVersion">1.8.20.894.1</string>
    <int name="BattleSwitchNearHero" value="0" />
    <int name="VeryHighSettingPlayerShadow" value="0" />
    <string name="0_PushNotificatonActivity_PushEventIfPic__2023-10-14%2000%3A00%3A00-Premium%20Supply%20MLBB%20X%20Ducati-Login%20untuk%20memperoleh%20Ducati%20Token%20gratis.%20Jangan%20lewatkan!%20%3E%3E%3E--1--15">0</string>
    <string name="0_PushNotificatonActivity_PushEventSubPushId__2023-10-21%2000%3A00%3A00-Kesempatan%20Terakhir%20untuk%20Memperoleh%20Skin%20Baru%20Johnson%20secara%20Gratis!-Raih%20kesempatan%20terakhir%20Anda%20untuk%20memperoleh%20Skin%20baru%20Johnson%20%22Starblazer%22%20gratis.%20Jangan%20lewatkan!%20%3E%3E--1--15">0</string>
    <string name="0_PushNotificatonActivity_PushEventUsrLabel__cb0620ca7ee5798a0e62b1ce49c21d2a">0</string>
    <string name="16274_1497862053_BattleUISetupConf__type2">%7B%22__version%22%3A2%2C%22name%22%3A%22type2%22%2C%22idx%22%3A3%2C%22panels%22%3A%7B%7D%7D</string>
    <string name="0_PushNotificatonActivity_PushEventSubPushId__f14b5eda3df015a2c6c8a0b87fada7e2">0</string>
    <string name="0_PushNotificatonActivity_PushEventSubPushId__cb0620ca7ee5798a0e62b1ce49c21d2a">0</string>
    <string name="16274_1497862053_BattleUISetupConf__type1">%7B%22__version%22%3A2%2C%22name%22%3A%22type1%22%2C%22idx%22%3A2%2C%22panels%22%3A%7B%7D%7D</string>
    <string name="0_PushNotificatonActivity_PushEventEndTime__f6c0778b863adc54c1e22c0d09a2d9b6">2023-10-14%2004%3A00%3A00</string>
    <string name="0_PushNotificatonActivity_PushEventPushId__2023-10-09%2000%3A00%3A00-Waktunya%20Mendapatkan%20Lebih%20Banyak%20Hadiah%20Ulang%20Tahun%20ke-7!-Ikuti%20Event%20Bonus%20Ulang%20Tahun%20ke-7%20untuk%20memperoleh%207th%20Anniversary%20Coin%20berlimpah%20dan%20tukarkan%20dengan%20hadiah%20menarik!%20Ikuti%20sekarang%20%3E%3E--1--15">2411</string>
    <string name="0_PushNotificatonActivity_PushEventPushId__2023-10-23%2000%3A00%3A00-Akai%20%22Pumpkin%20Brawler%22%20Telah%20Hadir-Akai%20%22Pumpkin%20Brawler%22%20telah%20hadir!%20Jangan%20lewatkan%20diskon%2030%25%20waktu%20terbatas!%20%3E%3E%3E--1--15">2423</string>
    <string name="0_PushNotificatonActivity_PushEventSubPushId__2023-10-28%2000%3A00%3A00-Premium%20Supply%20MLBB%20X%20Ducati-Login%20untuk%20memperoleh%20Ducati%20Token%20gratis.%20Jangan%20lewatkan!%20%3E%3E%3E--1--15">0</string>
    <string name="ModeUpdateTrigger_28016274_1497862053_">314.1</string>
    <string name="0_PushNotificatonActivity_PushEventTestId__ff7b7e7e1904085200ad1e2da0d7d6b2">2430</string>
    <string name="ModeUpdateTrigger_100216274_1497862053_">170.1</string>
    <string name="JsonKeyForceLanRes">894.1</string>
    <string name="0_PushNotificatonActivity_PushEventTestId__2023-10-21%2000%3A00%3A00-Kesempatan%20Terakhir%20untuk%20Memperoleh%20Skin%20Baru%20Johnson%20secara%20Gratis!-Raih%20kesempatan%20terakhir%20Anda%20untuk%20memperoleh%20Skin%20baru%20Johnson%20%22Starblazer%22%20gratis.%20Jangan%20lewatkan!%20%3E%3E--1--15">2420</string>
    <string name="0_PushNotificatonActivity_PushEventEndTime__2023-10-30%2000%3A00%3A00-Penawaran%20Kejutan%20Halloween-Bane%20%22Castle%20Master%22%20kembali%20untuk%20waktu%20terbatas!%20Dapatkan%20DISKON%2030%25%20untuk%20semua%20Skin%20Halloween%20yang%20ada%20di%20Shop!--1--15">2023-10-30%2000%3A00%3A00</string>
    <string name="0_PushNotificatonActivity_PushEventUsrLabel__63673784a278bdcd5571a81434b6462d">0</string>
    <string name="0_PushNotificatonActivity_PushEventURLLink__2023-10-09%2000%3A00%3A00-Waktunya%20Mendapatkan%20Lebih%20Banyak%20Hadiah%20Ulang%20Tahun%20ke-7!-Ikuti%20Event%20Bonus%20Ulang%20Tahun%20ke-7%20untuk%20memperoleh%207th%20Anniversary%20Coin%20berlimpah%20dan%20tukarkan%20dengan%20hadiah%20menarik!%20Ikuti%20sekarang%20%3E%3E--1--15"></string>
    <string name="0_PushNotificatonActivity_PushEventSubPushId__65ca27ab2b24e5e3cf047a881a9774ce">0</string>
    <string name="ModeUpdateTrigger_43016274_1497862053_">140.1</string>
    <int name="JoyStick" value="1" />
    <string name="0_PushNotificatonActivity_PushEventPushId__d31f004fae0a9dd4e27190a71116c43c">2426</string>
    <string name="IphonePath">%2Fstorage%2Femulated%2F0%2FAndroid%2Fdata%2Fcom.mobile.legends%2Ffiles%2Fdragon2017%2Fassets%2F</string>
    <int name="MTAgreementUseWebView" value="1" />
    <string name="ModeUpdateTrigger_44016274_1497862053_">176.1</string>
    <string name="ModeUpdateTrigger_100016274_1497862053_">170.1</string>
    <int name="SynSummonBloodShow" value="1" />
    <string name="0_PushNotificatonActivity_PushEventEndTime__2023-10-05%2000%3A00%3A00-Grand%20Collection%20Hadir%20untuk%20Waktu%20Terbatas-Vexana%20%22The%20Sun%20Empress%22%20telah%20hadir%20di%20Grand%20Collection.%20Coba%20keberuntungan%20Anda!%20%3E%3E%3E--1--15">2023-10-05%2000%3A00%3A00</string>
    <int name="PerformanceDevice_EnableQuality" value="4" />
    <int name="m_strJsonLoadingErrorNum" value="0" />
    <string name="0_PushNotificatonActivity_PushEventTestId__2023-10-09%2004%3A00%3A00-Event%20Lucky%20Hit%20Telah%20Hadir-Bundle%20Berharga%20hadir%20untuk%20waktu%20terbatas.%20Dapatkan%20Lucky%20Hit%20untuk%20memperoleh%20Skin%20permanen!%20%3E%3E%3E--1--15">2412</string>
    <int name="RecordManualHighlights" value="0" />
    <int name="FriendOnlineAudioTips" value="1" />
    <string name="Key_LoginStep_Last"></string>
    <string name="LatinAmericanSwitchDataNextRewardShowSwitch"></string>
    <int name="Minimal" value="0" />
    <int name="AutoBuyEquipSwitch_New" value="0" />
    <string name="0_PushNotificatonActivity_PushEventEndTime__2023-10-21%2000%3A00%3A00-Kesempatan%20Terakhir%20untuk%20Memperoleh%20Skin%20Baru%20Johnson%20secara%20Gratis!-Raih%20kesempatan%20terakhir%20Anda%20untuk%20memperoleh%20Skin%20baru%20Johnson%20%22Starblazer%22%20gratis.%20Jangan%20lewatkan!%20%3E%3E--1--15">2023-10-21%2000%3A00%3A00</string>
    <string name="0_PushNotificatonActivity_PushEventIfPic__2023-10-07%2000%3A00%3A00-Kejutan%20Ulang%20Tahun%20ke-7%20Anda%20telah%20hadir!-Login%20selama%20Perayaan%20Ulang%20Tahun%20ke-7%20untuk%20memperoleh%20hadiah%20ulang%20tahun%20berlimpah!%20Ayo%20lihat!%20%3E%3E--1--15">0</string>
    <string name="0_PushNotificatonActivity_PushEventEndTime__3837a0bd60ed36bd61eec28b0b17cb20">2023-10-04%2000%3A00%3A00</string>
    <string name="0_PushNotificatonActivity_PushEventEndTime__b3421443d98bf0beafc83e9f56fa90be">2023-10-28%2000%3A00%3A00</string>
    <int name="HeroAdjustActivity_SaveReturnLoginTime" value="1696139076" />
    <int name="Key_AfterLoginReconnectNum" value="0" />
    <string name="0_PushNotificatonActivity_PushEventIfPic__c2eebd767a0a780333ec2132d6dbd53f">0</string>
    <string name="0_PushNotificatonActivity_PushEventUsrLabel__2023-10-21%2000%3A00%3A00-Kesempatan%20Terakhir%20untuk%20Memperoleh%20Skin%20Baru%20Johnson%20secara%20Gratis!-Raih%20kesempatan%20terakhir%20Anda%20untuk%20memperoleh%20Skin%20baru%20Johnson%20%22Starblazer%22%20gratis.%20Jangan%20lewatkan!%20%3E%3E--1--15">0</string>
    <int name="BattlePrioDistance" value="0" />
    <string name="0_PushNotificatonActivity_PushEventSubPushId__2023-10-07%2004%3A00%3A00-Kolaborasi%20MLBB%20X%20Ducati%20Telah%20Hadir-Skin%20kolaborasi%20baru%20Irithel%20%22Monster%20SP%20Rider%22%20dan%20Benedetta%20%22Panigale%20V4S%20Rider%22%20hadir%20untuk%20waktu%20terbatas!--1--15">0</string>
    <float name="CameraSensitivity" value="0.5" />
    <int name="SetUpChooseHeroMode" value="1" />
    <string name="0_PushNotificatonActivity_PushEventIfPic__2023-10-16%2000%3A00%3A00-Pharsa%20%22Neon%20Shingetsu%22%20Telah%20Hadir-Pharsa%20%22Neon%20Shingetsu%22%20telah%20Hadir!%20Jangan%20lewatkan%20diskon%2030%25%20waktu%20terbatas!%20%3E%3E%3E--1--15">0</string>
    <string name="0_PushNotificatonActivity_PushEventSubPushId__327faf5120c2226cd641e0879c19bf2b">0</string>
    <string name="0_PushNotificatonActivity_PushEventPushId__2023-10-04%2000%3A00%3A00-Dapatkan%20Skin%20Baru%20Johnson%20Secara%20Gratis!-Bantu%20Johnson%20melintasi%20bintang-bintang%20untuk%20memperoleh%20Skin%20terbarunya%20secara%20gratis!%20Ayo%20%3E%3E%3E--1--15">2404</string>
    <int name="BattleTowerManager.IsFirstRedPointSave_16274_1497862053_" value="1" />
    <int name="AAAntialiasing" value="0" />
    <int name="RecentHeroOnOff" value="1" />
    <string name="16274_1497862053_SocialContestMD5">1E783C757B40267CDE1E47ABA1A8B39B</string>
    <string name="16274_1497862053_ReportGooglePlayRecord_YMD">2023-9-30</string>
    <int name="OpenStrategy" value="1" />
    <string name="0_PushNotificatonActivity_PushEventSubPushId__ff7b7e7e1904085200ad1e2da0d7d6b2">0</string>
    <string name="RWPathRec">%2Fstorage%2Femulated%2F0%2FAndroid%2Fdata%2Fcom.mobile.legends%2Ffiles</string>
    <string name="0_PushNotificatonActivity_PushEventEndTime__ff7b7e7e1904085200ad1e2da0d7d6b2">2023-10-30%2000%3A00%3A00</string>
    <string name="ModeUpdateTrigger_42016274_1497862053_">236.1</string>
    <string name="0_PushNotificatonActivity_PushEventEndTime__65ca27ab2b24e5e3cf047a881a9774ce">2023-10-03%2000%3A00%3A00</string>
    <string name="0_PushNotificatonActivity_PushEventTestId__2023-10-14%2004%3A00%3A00-Event%20Ulang%20Tahun%20ke-7%20Segera%20Berakhir-Event%20perayaan%20Ulang%20Tahun%20ke-7%20segera%20berakhir.%20Jangan%20lewatkan%20semua%20hadiahnya!%20Login%20sekarang%20%3E%3E%3E--1--15">2413</string>
    <int name="AutoUpSkillSwitch_New" value="0" />
    <float name="BytesBenchScore" value="7.7959" />
    <string name="0_PushNotificatonActivity_PushEventSubPushId__d86252df96e9300023643b46ca377c2d">0</string>
    <string name="__GSDK_CachedDID__">7114352921630901765</string>
    <int name="FriendOnlineEffectTips" value="1" />
    <string name="0_PushNotificatonActivity_PushEventEndTime__2023-10-09%2000%3A00%3A00-Waktunya%20Mendapatkan%20Lebih%20Banyak%20Hadiah%20Ulang%20Tahun%20ke-7!-Ikuti%20Event%20Bonus%20Ulang%20Tahun%20ke-7%20untuk%20memperoleh%207th%20Anniversary%20Coin%20berlimpah%20dan%20tukarkan%20dengan%20hadiah%20menarik!%20Ikuti%20sekarang%20%3E%3E--1--15">2023-10-09%2000%3A00%3A00</string>
    <int name="__FireBase_Remote_Config__" value="274" />
    <float name="Sensitivity" value="1.0" />
    <string name="0_PushNotificatonActivity_PushEventEndTime__c2eebd767a0a780333ec2132d6dbd53f">2023-10-07%2000%3A00%3A00</string>
    <int name="KeySkillPosOnPress" value="0" />
    <string name="0_PushNotificatonActivity_PushEventIfPic__3837a0bd60ed36bd61eec28b0b17cb20">0</string>
    <string name="ModeUpdateTrigger_22016274_1497862053_">306.1</string>
    <string name="0_PushNotificatonActivity_PushEventPushId__b019afd3667f8eb8a36d3ab5415fcf11">2405</string>
    <string name="0_PushNotificatonActivity_PushEventTestId__63673784a278bdcd5571a81434b6462d">2412</string>
    <int name="DamageTxt" value="1" />
    <int name="NewUILeftNodeQuickActiveByLevel_16274_1497862053_" value="1" />
    <string name="0_PushNotificatonActivity_PushEventIfPic__2023-10-23%2000%3A00%3A00-Akai%20%22Pumpkin%20Brawler%22%20Telah%20Hadir-Akai%20%22Pumpkin%20Brawler%22%20telah%20hadir!%20Jangan%20lewatkan%20diskon%2030%25%20waktu%20terbatas!%20%3E%3E%3E--1--15">0</string>
    <string name="ModeUpdateTrigger_23016274_1497862053_">306.1</string>
    <float name="ShopAlpha" value="1.0" />
    <string name="ModeUpdateTrigger_36016274_1497862053_">322.1</string>
    <string name="__PlayerAccountIdReportCache__">1497862053</string>
    <int name="InstallAPK_Count_Pref" value="1" />
    <string name="0_PushNotificatonActivity_PushEventURLLink__65ca27ab2b24e5e3cf047a881a9774ce"></string>
    <float name="SpeakerVolume" value="1.0" />
    <string name="ModeUpdateTrigger_50016274_1497862053_">212.1</string>
    <string name="LastResUpdateVersion"></string>
    <int name="UITeamMatchLua_ChooseMapBtn_NewTips" value="1" />
    <string name="0_PushNotificatonActivity_PushEventURLLink__2023-10-23%2000%3A00%3A00-Akai%20%22Pumpkin%20Brawler%22%20Telah%20Hadir-Akai%20%22Pumpkin%20Brawler%22%20telah%20hadir!%20Jangan%20lewatkan%20diskon%2030%25%20waktu%20terbatas!%20%3E%3E%3E--1--15"></string>
    <int name="VeryHighSettingAntiAliasing" value="0" />
    <string name="ModeUpdateTrigger_100616274_1497862053_">170.1</string>
    <string name="0_PushNotificatonActivity_PushEventUsrLabel__2023-10-28%2000%3A00%3A00-Premium%20Supply%20MLBB%20X%20Ducati-Login%20untuk%20memperoleh%20Ducati%20Token%20gratis.%20Jangan%20lewatkan!%20%3E%3E%3E--1--15">0</string>
    <int name="ATKPosSelect" value="0" />
    <string name="0_PushNotificatonActivity_PushEventSubPushId__2023-10-03%2000%3A00%3A00-Item%20Juara%20M3%20Kembali%20untuk%20Waktu%20Terbatas!-Skin%20Juara%20M3%20Estes%20%22Blacklist%20International%22%20dan%20M3%20Champion%20Chest%20kembali%20untuk%20waktu%20terbatas!%20Jangan%20lewatkan!%20%3E%3E%3E--1--15">0</string>
    <int name="_recordingINLA" value="0" />
    <int name="Report_client_HeroVoiceLangUse" value="1696139078" />
    <int name="MagicChess_AutoDownload_Adjust_1.7.06_16274_1497862053_" value="1" />
    <int name="AutoUpSkillTime_New" value="30" />
    <string name="Analytics_LastActiveUIName">UI_MainInterface_Fortifications_New</string>
    <string name="16274_1497862053_BattleAniEmojiManager.ClickStateKey">%2C40200%2C40230</string>
    <string name="0_PushNotificatonActivity_PushEventURLLink__ff7b7e7e1904085200ad1e2da0d7d6b2"></string>
    <string name="0_PushNotificatonActivity_PushEventEndTime__2023-10-07%2000%3A00%3A00-Kejutan%20Ulang%20Tahun%20ke-7%20Anda%20telah%20hadir!-Login%20selama%20Perayaan%20Ulang%20Tahun%20ke-7%20untuk%20memperoleh%20hadiah%20ulang%20tahun%20berlimpah!%20Ayo%20lihat!%20%3E%3E--1--15">2023-10-07%2000%3A00%3A00</string>
    <string name="0_PushNotificatonActivity_PushEventEndTime__2023-10-28%2000%3A00%3A00-Premium%20Supply%20MLBB%20X%20Ducati-Login%20untuk%20memperoleh%20Ducati%20Token%20gratis.%20Jangan%20lewatkan!%20%3E%3E%3E--1--15">2023-10-28%2000%3A00%3A00</string>
    <string name="16274_1497862053_LiveStreamListManager_NewTag_YouTube_20_2e745b50b3defac77590541633ce0354">1577dd0bf22ff9adab91b58666315da8</string>
    <int name="ResLoadSwitch" value="0" />
    <string name="0_PushNotificatonActivity_PushEventTestId__327faf5120c2226cd641e0879c19bf2b">2415</string>
    <int name="16274_1497862053_isGPAutoLoginSaved" value="1" />
    <string name="OfflineForbidHeros"></string>
    <int name="_Analysis_forceKilled_Application_" value="1" />
    <int name="m_bEnableReportLoginEvent" value="0" />
    <int name="ColorBlind" value="0" />
    <int name="FlogUploader.isStartUpAtUpload" value="0" />
    <int name="16274_1497862053_report_client_performance" value="1696139078" />
    <int name="loginquest" value="0" />
    <int name="TaskDualHighlights" value="0" />
    <string name="16274_1497862053_LiveStreamListManager_NewTag_YouTube_20_8e32d0331be20af4b4f3da7a26ab194d">eaed2293fa93b25da3a4953f81ba7fed</string>
    <int name="PrepareWar_Datas.IsFirstRedPointSave_16274_1497862053_" value="1" />
    <string name="0_PushNotificatonActivity_PushEventPushId__b3421443d98bf0beafc83e9f56fa90be">2427</string>
    <string name="16274_1497862053_NextCGLocalVersion">676.1</string>
    <string name="0_PushNotificatonActivity_PushEventTestId__d86252df96e9300023643b46ca377c2d">2407</string>
    <string name="0_PushNotificatonActivity_PushEventURLLink__2023-10-05%2000%3A00%3A00-Grand%20Collection%20Hadir%20untuk%20Waktu%20Terbatas-Vexana%20%22The%20Sun%20Empress%22%20telah%20hadir%20di%20Grand%20Collection.%20Coba%20keberuntungan%20Anda!%20%3E%3E%3E--1--15"></string>
    <string name="0_PushNotificatonActivity_PushEventEndTime__2023-10-16%2000%3A00%3A00-Pharsa%20%22Neon%20Shingetsu%22%20Telah%20Hadir-Pharsa%20%22Neon%20Shingetsu%22%20telah%20Hadir!%20Jangan%20lewatkan%20diskon%2030%25%20waktu%20terbatas!%20%3E%3E%3E--1--15">2023-10-16%2000%3A00%3A00</string>
    <string name="__CachedDRMID__">4466bc08c4494908555f7ac4aa8be121</string>
    <int name="16274_1497862053__LiveStreamListManager_RecommendRedPoint_" value="1" />
    <string name="FriendChatProfile_1497862053_16274"></string>
    <string name="unity.player_session_count">8</string>
    <int name="PackageFirstQualityName" value="3" />
    <string name="0_PushNotificatonActivity_PushEventUsrLabel__2023-10-14%2000%3A00%3A00-Premium%20Supply%20MLBB%20X%20Ducati-Login%20untuk%20memperoleh%20Ducati%20Token%20gratis.%20Jangan%20lewatkan!%20%3E%3E%3E--1--15">0</string>
    <string name="16274_1497862053_Key_MyLastGameVersion">894.1</string>
    <string name="0_PushNotificatonActivity_PushEventIfPic__b3421443d98bf0beafc83e9f56fa90be">0</string>
    <string name="0_PushNotificatonActivity_PushEventTestId__2023-10-04%2000%3A00%3A00-Dapatkan%20Skin%20Baru%20Johnson%20Secara%20Gratis!-Bantu%20Johnson%20melintasi%20bintang-bintang%20untuk%20memperoleh%20Skin%20terbarunya%20secara%20gratis!%20Ayo%20%3E%3E%3E--1--15">2404</string>
    <string name="0_PushNotificatonActivity_PushEventPushId__4249e4c22cca9f57a3ae3f7473a80ab6">2423</string>
    <string name="0_PushNotificatonActivity_PushEventIfPic__2023-10-21%2000%3A00%3A00-Kesempatan%20Terakhir%20untuk%20Memperoleh%20Skin%20Baru%20Johnson%20secara%20Gratis!-Raih%20kesempatan%20terakhir%20Anda%20untuk%20memperoleh%20Skin%20baru%20Johnson%20%22Starblazer%22%20gratis.%20Jangan%20lewatkan!%20%3E%3E--1--15">0</string>
    <int name="Key_LoginStuckReason_Last" value="-1" />
    <string name="0_PushNotificatonActivity_PushEventUsrLabel__2023-10-03%2000%3A00%3A00-Item%20Juara%20M3%20Kembali%20untuk%20Waktu%20Terbatas!-Skin%20Juara%20M3%20Estes%20%22Blacklist%20International%22%20dan%20M3%20Champion%20Chest%20kembali%20untuk%20waktu%20terbatas!%20Jangan%20lewatkan!%20%3E%3E%3E--1--15">0</string>
    <string name="0_PushNotificatonActivity_PushEventEndTime__2023-10-09%2004%3A00%3A00-Event%20Lucky%20Hit%20Telah%20Hadir-Bundle%20Berharga%20hadir%20untuk%20waktu%20terbatas.%20Dapatkan%20Lucky%20Hit%20untuk%20memperoleh%20Skin%20permanen!%20%3E%3E%3E--1--15">2023-10-09%2004%3A00%3A00</string>
    <int name="bVeryHighQuality" value="0" />
</map>
