<?xml version='1.0' encoding='utf-8' standalone='yes' ?>
<map>
    <string name="OfflineForbidHeros"></string>
    <int name="playerprefs_check" value="1" />
    <int name="Key_EnterGameTime" value="1" />
    <string name="JsonLocalVersion">1.8.20.894.1</string>
    <string name="16272_1497884884_Key_MyLastGameVersion">894.1</string>
    <int name="EnableNewLoginTimeout" value="1" />
    <string name="16272_1497884884_BattleUISetupConf__default">%7B%22__version%22%3A2%2C%22name%22%3A%22default%22%2C%22idx%22%3A1%2C%22panels%22%3A%7B%7D%7D</string>
    <int name="IsMinimalDevice" value="0" />
    <int name="stack_size" value="0" />
    <string name="ModeUpdateTrigger_99916272_1497884884_">171.1</string>
    <int name="JsonLocalVersion__once__" value="1" />
    <int name="InstallAPK_Count_Pref" value="1" />
    <int name="HeroStudyActivity_ChooseHeroGuide_16272_1497884884_" value="0" />
    <int name="logout_day" value="0" />
    <string name="JsonKeyForceLanRes">894.1</string>
    <string name="_Analysis_LastLoadTime_">2023-09-30%2021%3A15%3A47</string>
    <string name="ApplicationChannel">and_usa</string>
    <string name="16272_1497884884_BattleUISetupConf__pad">%7B%22idx%22%3A5%2C%22name%22%3A%22pad%22%2C%22__editInfos%22%3A%7B%22m_UI_KeySkill%5C%2Fm_BOTTON%5C%2Fm_SkilPos_4%5C%2Fm_SkillPosA_4%22%3A%7B%22nodeId%22%3A75%2C%22pos%22%3A%7B%22y%22%3A-254%2C%22x%22%3A300%7D%2C%22root%22%3A%22m_UI_KeySkill%22%2C%22path%22%3A%22m_BOTTON%5C%2Fm_SkilPos_4%5C%2Fm_SkillPosA_4%22%2C%22alpha%22%3A1%2C%22size%22%3A0.81%7D%2C%22m_UI_BattleHeroNearby%5C%2Fm_BOTTON%5C%2Fm_HeroNearby%5C%2Fm_Sprite_Hero04%22%3A%7B%22nodeId%22%3A76%2C%22pos%22%3A%7B%22y%22%3A32%2C%22x%22%3A312%7D%2C%22root%22%3A%22m_UI_BattleHeroNearby%22%2C%22path%22%3A%22m_BOTTON%5C%2Fm_HeroNearby%5C%2Fm_Sprite_Hero04%22%2C%22alpha%22%3A1%2C%22size%22%3A0.81%7D%2C%22m_UI_KeySkill%5C%2Fm_BOTTON%5C%2Fm_SkilPos_3%5C%2Fm_SkillPosA_3%22%3A%7B%22nodeId%22%3A77%2C%22pos%22%3A%7B%22y%22%3A-244%2C%22x%22%3A305%7D%2C%22root%22%3A%22m_UI_KeySkill%22%2C%22path%22%3A%22m_BOTTON%5C%2Fm_SkilPos_3%5C%2Fm_SkillPosA_3%22%2C%22alpha%22%3A1%2C%22size%22%3A0.8%7D%2C%22m_UI_MiniMap_ToolButton%5C%2Fm_TL%5C%2Fm_Label_ChatContent%22%3A%7B%22nodeId%22%3A100%2C%22pos%22%3A%7B%22y%22%3A47%2C%22x%22%3A-526%7D%2C%22root%22%3A%22m_UI_MiniMap_ToolButton%22%2C%22path%22%3A%22m_TL%5C%2Fm_Label_ChatContent%22%2C%22alpha%22%3A1%2C%22size%22%3A0.81%7D%2C%22m_UI_KeySkill%5C%2Fm_BOTTON%5C%2Fm_Attack0%22%3A%7B%22nodeId%22%3A79%2C%22pos%22%3A%7B%22y%22%3A-241%2C%22x%22%3A464%7D%2C%22root%22%3A%22m_UI_KeySkill%22%2C%22path%22%3A%22m_BOTTON%5C%2Fm_Attack0%22%2C%22alpha%22%3A1%2C%22size%22%3A0.81%7D%2C%22m_UI_KeySkill%5C%2Fm_BOTTON%5C%2Fm_SkilPos_3%5C%2Fm_SkillPosC_3%22%3A%7B%22nodeId%22%3A80%2C%22pos%22%3A%7B%22y%22%3A-60%2C%22x%22%3A488%7D%2C%22root%22%3A%22m_UI_KeySkill%22%2C%22path%22%3A%22m_BOTTON%5C%2Fm_SkilPos_3%5C%2Fm_SkillPosC_3%22%2C%22alpha%22%3A1%2C%22size%22%3A0.81%7D%2C%22m_UI_BattleHeroNearby%5C%2Fm_BOTTON%5C%2Fm_HeroNearby%5C%2Fm_Sprite_Hero01%22%3A%7B%22nodeId%22%3A81%2C%22pos%22%3A%7B%22y%22%3A-172%2C%22x%22%3A172%7D%2C%22root%22%3A%22m_UI_BattleHeroNearby%22%2C%22path%22%3A%22m_BOTTON%5C%2Fm_HeroNearby%5C%2Fm_Sprite_Hero01%22%2C%22alpha%22%3A1%2C%22size%22%3A0.8%7D%2C%22m_UI_KeySkill%5C%2Fm_BOTTON%5C%2Fm_SkilPos_3%5C%2Fm_SkillPosB_3%22%3A%7B%22nodeId%22%3A82%2C%22pos%22%3A%7B%22y%22%3A-125%2C%22x%22%3A370%7D%2C%22root%22%3A%22m_UI_KeySkill%22%2C%22path%22%3A%22m_BOTTON%5C%2Fm_SkilPos_3%5C%2Fm_SkillPosB_3%22%2C%22alpha%22%3A1%2C%22size%22%3A0.8%7D%2C%22m_UI_KeySkill%5C%2Fm_BOTTON%5C%2Fm_SkilPos_4%5C%2Fm_SkillPosD_4%22%3A%7B%22nodeId%22%3A83%2C%22pos%22%3A%7B%22y%22%3A-50%2C%22x%22%3A504%7D%2C%22root%22%3A%22m_UI_KeySkill%22%2C%22path%22%3A%22m_BOTTON%5C%2Fm_SkilPos_4%5C%2Fm_SkillPosD_4%22%2C%22alpha%22%3A1%2C%22size%22%3A0.8%7D%2C%22m_UI_BattleHeroNearby%5C%2Fm_BOTTON%5C%2Fm_HeroNearby%5C%2Fm_Sprite_Hero03%22%3A%7B%22nodeId%22%3A84%2C%22pos%22%3A%7B%22y%22%3A-22%2C%22x%22%3A246%7D%2C%22root%22%3A%22m_UI_BattleHeroNearby%22%2C%22path%22%3A%22m_BOTTON%5C%2Fm_HeroNearby%5C%2Fm_Sprite_Hero03%22%2C%22alpha%22%3A1%2C%22size%22%3A0.8%7D%2C%22m_UI_BattleShowMessage%5C%2Fm_TOP%5C%2Fm_totalMessage%5C%2Fm_showMessage%22%3A%7B%22nodeId%22%3A85%2C%22pos%22%3A%7B%22y%22%3A17%2C%22x%22%3A0%7D%2C%22root%22%3A%22m_UI_BattleShowMessage%22%2C%22path%22%3A%22m_TOP%5C%2Fm_totalMessage%5C%2Fm_showMessage%22%2C%22alpha%22%3A1%2C%22size%22%3A0.8%7D%2C%22m_UI_KeySkill%5C%2Fm_BOTTON%5C%2Fm_extraSkillPos%5C%2Fm_extraSkillB%22%3A%7B%22nodeId%22%3A88%2C%22pos%22%3A%7B%22y%22%3A0%2C%22x%22%3A90%7D%2C%22root%22%3A%22m_UI_KeySkill%22%2C%22path%22%3A%22m_BOTTON%5C%2Fm_extraSkillPos%5C%2Fm_extraSkillB%22%2C%22alpha%22%3A1%2C%22size%22%3A0.81%7D%2C%22m_UI_BattleHeroNearby%5C%2Fm_BOTTON%5C%2Fm_HeroNearby%5C%2Fm_Sprite_Hero05%22%3A%7B%22nodeId%22%3A87%2C%22pos%22%3A%7B%22y%22%3A70%2C%22x%22%3A384%7D%2C%22root%22%3A%22m_UI_BattleHeroNearby%22%2C%22path%22%3A%22m_BOTTON%5C%2Fm_HeroNearby%5C%2Fm_Sprite_Hero05%22%2C%22alpha%22%3A1%2C%22size%22%3A0.81%7D%2C%22m_UI_MiniMap%5C%2Fm_TL%5C%2Fm_Map%22%3A%7B%22nodeId%22%3A86%2C%22pos%22%3A%7B%22y%22%3A234%2C%22x%22%3A-480%7D%2C%22root%22%3A%22m_UI_MiniMap%22%2C%22path%22%3A%22m_TL%5C%2Fm_Map%22%2C%22alpha%22%3A1%2C%22size%22%3A0.81%7D%2C%22m_UI_KeySkill%5C%2Fm_BOTTON%5C%2Fm_extraSkillPos%5C%2Fm_extraSkillD%22%3A%7B%22nodeId%22%3A89%2C%22pos%22%3A%7B%22y%22%3A325%2C%22x%22%3A450%7D%2C%22root%22%3A%22m_UI_KeySkill%22%2C%22path%22%3A%22m_BOTTON%5C%2Fm_extraSkillPos%5C%2Fm_extraSkillD%22%2C%22alpha%22%3A1%2C%22size%22%3A0.81%7D%2C%22m_UI_KeySkill%5C%2Fm_BOTTON%5C%2Fm_sprite_SkillCancel%22%3A%7B%22nodeId%22%3A90%2C%22pos%22%3A%7B%22y%22%3A173%2C%22x%22%3A375%7D%2C%22root%22%3A%22m_UI_KeySkill%22%2C%22path%22%3A%22m_BOTTON%5C%2Fm_sprite_SkillCancel%22%2C%22alpha%22%3A1%2C%22size%22%3A0.81%7D%2C%22m_UI_KeySkillExtra%5C%2Fm_BOTTON%5C%2Fm_BuffPos%22%3A%7B%22nodeId%22%3A91%2C%22pos%22%3A%7B%22y%22%3A-192%2C%22x%22%3A0%7D%2C%22root%22%3A%22m_UI_KeySkillExtra%22%2C%22path%22%3A%22m_BOTTON%5C%2Fm_BuffPos%22%2C%22alpha%22%3A1%2C%22size%22%3A0.8%7D%2C%22m_UI_Kill%5C%2Fm_TOP%5C%2Fm_Kill%22%3A%7B%22nodeId%22%3A96%2C%22pos%22%3A%7B%22y%22%3A42%2C%22x%22%3A-1%7D%2C%22root%22%3A%22m_UI_Kill%22%2C%22path%22%3A%22m_TOP%5C%2Fm_Kill%22%2C%22alpha%22%3A1%2C%22size%22%3A0.8%7D%2C%22m_UI_KeySkill%5C%2Fm_BOTTON%5C%2Fm_extraSkillPos%5C%2Fm_extraSkillG%22%3A%7B%22nodeId%22%3A95%2C%22pos%22%3A%7B%22y%22%3A0%2C%22x%22%3A-90%7D%2C%22root%22%3A%22m_UI_KeySkill%22%2C%22path%22%3A%22m_BOTTON%5C%2Fm_extraSkillPos%5C%2Fm_extraSkillG%22%2C%22alpha%22%3A1%2C%22size%22%3A0.81%7D%2C%22m_UI_KeySkill%5C%2Fm_BOTTON%5C%2Fm_SkilPos_4%5C%2Fm_SkillPosB_4%22%3A%7B%22nodeId%22%3A94%2C%22pos%22%3A%7B%22y%22%3A-160%2C%22x%22%3A340%7D%2C%22root%22%3A%22m_UI_KeySkill%22%2C%22path%22%3A%22m_BOTTON%5C%2Fm_SkilPos_4%5C%2Fm_SkillPosB_4%22%2C%22alpha%22%3A1%2C%22size%22%3A0.81%7D%2C%22m_UI_JoyStick%5C%2Fm_BOTTON%22%3A%7B%22nodeId%22%3A97%2C%22pos%22%3A%7B%22y%22%3A-33%2C%22x%22%3A-83%7D%2C%22root%22%3A%22m_UI_JoyStick%22%2C%22path%22%3A%22m_BOTTON%22%2C%22alpha%22%3A1%2C%22size%22%3A0.81%7D%2C%22m_UI_KeySkill%5C%2Fm_BOTTON%5C%2Fm_extraSkillPos%5C%2Fm_extraSkillA%22%3A%7B%22nodeId%22%3A93%2C%22pos%22%3A%7B%22y%22%3A0%2C%22x%22%3A0%7D%2C%22root%22%3A%22m_UI_KeySkill%22%2C%22path%22%3A%22m_BOTTON%5C%2Fm_extraSkillPos%5C%2Fm_extraSkillA%22%2C%22alpha%22%3A1%2C%22size%22%3A0.81%7D%2C%22m_UI_BattleHeroNearby%5C%2Fm_BOTTON%5C%2Fm_HeroNearby%5C%2Fm_Sprite_Hero02%22%3A%7B%22nodeId%22%3A92%2C%22pos%22%3A%7B%22y%22%3A-93%2C%22x%22%3A199%7D%2C%22root%22%3A%22m_UI_BattleHeroNearby%22%2C%22path%22%3A%22m_BOTTON%5C%2Fm_HeroNearby%5C%2Fm_Sprite_Hero02%22%2C%22alpha%22%3A1%2C%22size%22%3A0.81%7D%2C%22m_UI_BattleInfo%5C%2Fm_TR%22%3A%7B%22nodeId%22%3A98%2C%22pos%22%3A%7B%22y%22%3A63%2C%22x%22%3A110%7D%2C%22root%22%3A%22m_UI_BattleInfo%22%2C%22path%22%3A%22m_TR%22%2C%22alpha%22%3A1%2C%22size%22%3A0.81%7D%2C%22m_UI_KeySkill%5C%2Fm_BOTTON%5C%2Fm_SkilPos_4%5C%2Fm_SkillPosC_4%22%3A%7B%22nodeId%22%3A99%2C%22pos%22%3A%7B%22y%22%3A-90%2C%22x%22%3A410%7D%2C%22root%22%3A%22m_UI_KeySkill%22%2C%22path%22%3A%22m_BOTTON%5C%2Fm_SkilPos_4%5C%2Fm_SkillPosC_4%22%2C%22alpha%22%3A1%2C%22size%22%3A0.8%7D%2C%22m_UI_KeySkill%5C%2Fm_BOTTON%5C%2Fm_extraSkillPos%5C%2Fm_extraSkillC%22%3A%7B%22nodeId%22%3A78%2C%22pos%22%3A%7B%22y%22%3A0%2C%22x%22%3A180%7D%2C%22root%22%3A%22m_UI_KeySkill%22%2C%22path%22%3A%22m_BOTTON%5C%2Fm_extraSkillPos%5C%2Fm_extraSkillC%22%2C%22alpha%22%3A1%2C%22size%22%3A0.8%7D%7D%2C%22__version%22%3A2%2C%22panels%22%3A%7B%7D%7D</string>
    <string name="ModeUpdateTrigger_13016272_1497884884_">210.1</string>
    <int name="Key_EnableLoginLoadingCost" value="0" />
    <string name="ModeUpdateTrigger_100416272_1497884884_">170.1</string>
    <int name="ResLoadSwitch" value="0" />
    <string name="ModeUpdateTrigger_55016272_1497884884_">9.1</string>
    <string name="Analytics_SecondLastActiveUIName"></string>
    <string name="ModeUpdateTrigger_23016272_1497884884_">306.1</string>
    <int name="GPMEnableVirtualMemory" value="0" />
    <string name="unity.player_sessionid">686519631441608931</string>
    <int name="logout_count" value="0" />
    <string name="unity.player_session_count">4</string>
    <string name="ModeUpdateTrigger_28016272_1497884884_">314.1</string>
    <int name="ReceiveRecommendEquipNum" value="0" />
    <string name="Analytics_LastBttleId">0</string>
    <string name="ActLclCfgMgrm_LastLoginZoneId">162721497884884</string>
    <string name="Analytics_LastBattleChooseHerosSkin">0%3B</string>
    <int name="PrepareWar_Datas.IsFirstRedPointSave_16272_1497884884_" value="1" />
    <string name="16272_1497884884__LiveStreamListManager_RecommendMD5_">3ad267afb2b25ee4f145cea9c0e57201</string>
    <string name="ModeUpdateTrigger_34016272_1497884884_">392.1</string>
    <int name="m_bEnableReportLoginEvent" value="0" />
    <string name="RWPathRec">%2Fstorage%2Femulated%2F0%2FAndroid%2Fdata%2Fcom.mobile.legends%2Ffiles</string>
    <int name="16272_1497884884__LiveStreamListManager_Recommend_ShouldShowNewTag_" value="1" />
    <string name="16272_1497884884_BattleUISetupConf">%7B%22__version%22%3A2%2C%22name%22%3A%22type1%22%2C%22idx%22%3A2%2C%22panels%22%3A%7B%7D%7D</string>
    <int name="16272_1497884884__LiveStreamListManager_RecommendRedPoint_" value="1" />
    <int name="Key_LStep_OnExitGameDelta" value="1501" />
    <int name="Key_LStep_OnExitGameLoginID" value="3" />
    <string name="ModeUpdateTrigger_38016272_1497884884_">304.1</string>
    <string name="16272_1497884884_BattleUISetupConf__pure">%7B%22idx%22%3A4%2C%22name%22%3A%22pure%22%2C%22__editInfos%22%3A%7B%22m_UI_MiniMap%5C%2Fm_TL%5C%2Fm_Map%22%3A%7B%22nodeId%22%3A101%2C%22pos%22%3A%7B%22y%22%3A220%2C%22x%22%3A-469%7D%2C%22root%22%3A%22m_UI_MiniMap%22%2C%22path%22%3A%22m_TL%5C%2Fm_Map%22%2C%22alpha%22%3A0.7%2C%22size%22%3A1%7D%7D%2C%22__version%22%3A2%2C%22panels%22%3A%7B%7D%7D</string>
    <string name="16272_1497884884_BattleAniEmojiManager.ClickStateKey">%2C40200%2C40230</string>
    <int name="MonsterLife" value="1" />
    <int name="DpiLimitOpenSelect" value="2" />
    <string name="dvinfo">757918375a707f624f2e339de39698ed</string>
    <string name="ModeUpdateTrigger_41016272_1497884884_">240.1</string>
    <int name="LastVeryHighMapQualify" value="0" />
    <int name="DNS_Error" value="0" />
    <int name="HeroAdjustActivity_SaveReturnLoginTime" value="1696137345" />
    <int name="Key_EnterGameTime_Last" value="-1" />
    <string name="__LastLoadResForceCheckVersion">894.1</string>
    <string name="ModeUpdateTrigger_20016272_1497884884_">242.1</string>
    <int name="PreformanceVeryLowUpdate" value="1" />
    <int name="FriendListOpenStateCache16272_1497884884_" value="0" />
    <string name="16272_1497884884_eCIT_BattleUISetupNew_value">cFAAYQEAwL2aLwAAgA%3D%3D</string>
    <string name="16272_1497884884_ReportRaceLive_TotalResidenceTimeMS">0</string>
    <int name="NewLoginTimeoutThreshold" value="15" />
    <int name="DpiLimitRate3d" value="100" />
    <int name="OfflineMode_KeyCurrentRankLevel" value="0" />
    <string name="ModeUpdateTrigger_100216272_1497884884_">170.1</string>
    <int name="GameLoadingReport" value="0" />
    <string name="Analytics_LastBattleChooseHeros">423%3B</string>
    <int name="_Analysis_PssLoadEndSize_" value="0" />
    <int name="MagicChess_AutoDownload_Adjust_1.7.06_16272_1497884884_" value="1" />
    <string name="16272_1497884884_BattleUISetupConf__type1">%7B%22__version%22%3A2%2C%22name%22%3A%22type1%22%2C%22idx%22%3A2%2C%22panels%22%3A%7B%7D%7D</string>
    <int name="Screenmanager%20Resolution%20Width" value="2307" />
    <int name="CleanCacheClose" value="0" />
    <int name="EnableReportServerOpt" value="1" />
    <string name="ModeUpdateTrigger_22016272_1497884884_">306.1</string>
    <string name="LatinAmericanSwitchDataNextRewardShowSwitch"></string>
    <int name="_CheckOrientationtAvailable_" value="1" />
    <int name="Key_ResDirSplit" value="1" />
    <int name="JsonKeyLanIDRecord" value="20" />
    <int name="ping_prefAllStart" value="1696137366" />
    <int name="16272_1497884884_InBattleTranslateSystemTipClose" value="1" />
    <int name="HeroAdjustActivity.ShowRed" value="1" />
    <string name="16272_1497884884_ReportRaceLive_TotalViewingTimeMS">0</string>
    <string name="IphonePath">%2Fstorage%2Femulated%2F0%2FAndroid%2Fdata%2Fcom.mobile.legends%2Ffiles%2Fdragon2017%2Fassets%2F</string>
    <int name="_Analysis_PssLoadBeforeSize_" value="553" />
    <string name="PackagePrefVersion">894.1</string>
    <int name="PackageFirstQualityName" value="3" />
    <int name="2017Deletekey" value="1" />
    <int name="UnityGraphicsQuality" value="1" />
    <int name="16272_1497884884_report_client_performance" value="1696137347" />
    <int name="NewUIHeroInteractLv_16272_1497884884_" value="1" />
    <int name="Screenmanager%20Fullscreen%20mode" value="-1" />
    <int name="OfflineModeOpen" value="1" />
    <string name="Key_LoginStep_Last"></string>
    <int name="Report_client_HeroVoiceLangUse" value="1696137348" />
    <float name="BytesBenchScore" value="6.4185" />
    <string name="CreateRoleCountry">ID</string>
    <int name="Key_LStep_OnExitGame" value="1" />
    <string name="16272_1497884884_ReportRaceLive_YMD">2023-9-30</string>
    <int name="Analytics_LastIsInFight" value="1" />
    <string name="Analytics_LastMatchPvpType">1</string>
    <string name="ModeUpdateTrigger_100516272_1497884884_">170.1</string>
    <string name="ModeUpdateTrigger_100316272_1497884884_">170.1</string>
    <int name="FlogUploader.isStartUpAtUpload" value="0" />
    <int name="__FireBase_Remote_Config__" value="274" />
    <int name="job_num" value="0" />
    <int name="BattleAniEmojiManager.IsFirstRedPointSave_16272_1497884884_" value="1" />
    <int name="m_strJsonLoadingErrorNum" value="0" />
    <int name="MTAgreementUseWebView" value="1" />
    <string name="CheckChooseUIBattleID">0</string>
    <int name="Key_MyLastZoneId" value="16272" />
    <int name="Analytics_LastGameActiveUIName" value="0" />
    <int name="GSDK_ByteBench_Report_Date" value="20230930" />
    <int name="WareHouseManager.IsFirstRedPointSave_16272_1497884884_" value="1" />
    <int name="ClearHighDefinitionSetUp" value="1" />
    <string name="ModeUpdateTrigger_44016272_1497884884_">176.1</string>
    <int name="GPMSDKCustomLogEnable" value="0" />
    <string name="16272_1497884884_ReportGooglePlayRecord_YMD">2023-9-30</string>
    <string name="Key_LoginCloseInfo"></string>
    <string name="ModeUpdateTrigger_50016272_1497884884_">212.1</string>
    <string name="ModeUpdateTrigger_40016272_1497884884_">286.1</string>
    <string name="__PlayerAccountIdReportCache__">1497884884</string>
    <string name="CheckLoadingBattleID">0</string>
    <string name="LastResUpdateVersion"></string>
    <int name="Shadow" value="1" />
    <int name="loginquest" value="0" />
    <int name="Key_LoginStuckReason_Last" value="-1" />
    <string name="ModeUpdateTrigger_32016272_1497884884_">310.1</string>
    <string name="1_ActivityAdActivity">https%3A%2F%2Fakmstatic.ml.youngjoygame.com%2Fmlbbpromo%2F23%2F23-230920MplSales-op-id.jpghttps%3A%2F%2Fakmstatic.ml.youngjoygame.com%2Fmlbbpromo%2F23%2F23-230920ThemeLottery-pe-id.jpghttps%3A%2F%2Fakmstatic.ml.youngjoygame.com%2Fmlbbpromo%2F23%2F23-230922StarLight-op-id.jpghttps%3A%2F%2Fakmstatic.ml.youngjoygame.com%2Fmlbbpromo%2F23%2F23-230922LAMEIDIKA-sp-id.jpghttps%3A%2F%2Fakmstatic.ml.youngjoygame.com%2Fmlbbpromo%2F23%2F23-230924NewKV-hp-id.jpghttps%3A%2F%2Fakmstatic.ml.youngjoygame.com%2Fmlbbpromo%2F23%2F23-230924RuoLanCG-sm-id.jpghttps%3A%2F%2Fakmstatic.ml.youngjoygame.com%2Fmlbbpromo%2F23%2F23-230924GeLanJie-sp-id.jpghttps%3A%2F%2Fakmstatic.ml.youngjoygame.com%2Fmlbbpromo%2F23%2F23-230924StarLight-op-id.jpghttps%3A%2F%2Fakmstatic.ml.youngjoygame.com%2Fmlbbpromo%2F23%2F23-230925CelebrationSkin-ae-id.jpghttps%3A%2F%2Fakmstatic.ml.youngjoygame.com%2Fmlbbpromo%2F23%2F23-230925NewHero-op-id.jpghttps%3A%2F%2Fakmstatic.ml.youngjoygame.com%2Fmlbbpromo%2F23%2F23-230925ZHouNianQiangsSP-sp-id.jpghttps%3A%2F%2Fakmstatic.ml.youngjoygame.com%2Fmlbbpromo%2F23%2F23-230925Anniversary-mkt-id.jpghttps%3A%2F%2Fakmstatic.ml.youngjoygame.com%2Fmlbbpromo%2F23%2F23-230926NEWNLPV-hp-id.jpghttps%3A%2F%2Fakmstatic.ml.youngjoygame.com%2Fmlbbpromo%2F23%2F23-230928ProS-op-id.jpghttps%3A%2F%2Fakmstatic.ml.youngjoygame.com%2Fmlbbpromo%2F23%2F23-230927NLbiography-hp-id.jpghttps%3A%2F%2Fakmstatic.ml.youngjoygame.com%2Fmlbbpromo%2F23%2F23-230927Buddy-op-id.jpghttps%3A%2F%2Fakmstatic.ml.youngjoygame.com%2Fmlbbpromo%2F23%2F23-230927DaihaoPV-sp-id.jpghttps%3A%2F%2Fakmstatic.ml.youngjoygame.com%2Fmlbbpromo%2F23%2F23-230928Review-op-id.jpghttps%3A%2F%2Fakmstatic.ml.youngjoygame.com%2Fmlbbpromo%2F23%2F23-230929NewEp-op-id.jpghttps%3A%2F%2Fakmstatic.ml.youngjoygame.com%2Fmlbbpromo%2F23%2F23-230928Comic-op-id.jpghttps%3A%2F%2Fakmstatic.ml.youngjoygame.com%2Fmlbbpromo%2F23%2F23-230924NewNuoLan-hp-id.jpghttps%3A%2F%2Fakmstatic.ml.youngjoygame.com%2Fmlbbpromo%2F23%2F23-230929Cake-op-id.jpghttps%3A%2F%2Fakmstatic.ml.youngjoygame.com%2Fmlbbpromo%2F23%2F23-230927Kaifarizhi-sm-id.jpghttps%3A%2F%2Fakmstatic.ml.youngjoygame.com%2Fmlbbpromo%2F23%2F23-230930Ceremony1-op-id.jpghttps%3A%2F%2Fakmstatic.ml.youngjoygame.com%2Fmlbbpromo%2F23%2F23-230929Collections-sp-id.jpghttps%3A%2F%2Fakmstatic.ml.youngjoygame.com%2Fmlbbpromo%2F23%2F23-230930CIKEUP-sp-id.jpghttps%3A%2F%2Fakmstatic.ml.youngjoygame.com%2Fmlbbpromo%2F23%2F23-231001StarLight-op-id.jpghttps%3A%2F%2Fakmstatic.ml.youngjoygame.com%2Fmlbbpromo%2F23%2F23-231001GasPreheat-op-id.jpghttps%3A%2F%2Fakmstatic.ml.youngjoygame.com%2Fmlbbpromo%2F23%2F23-230930NEWGAME-ep-id.jpghttps%3A%2F%2Fakmstatic.ml.youngjoygame.com%2Fmlbbpromo%2F23%2F23-231003Champion-op-id.jpghttps%3A%2F%2Fakmstatic.ml.youngjoygame.com%2Fmlbbpromo%2F23%2F23-231001TenXuanChuan-sp-id.jpghttps%3A%2F%2Fakmstatic.ml.youngjoygame.com%2Fmlbbpromo%2F23%2F23-231004QSenGame-ae-id.jpghttps%3A%2F%2Fakmstatic.ml.youngjoygame.com%2Fmlbbpromo%2F23%2F23-231004XingChenGame-ae-id.jpghttps%3A%2F%2Fakmstatic.ml.youngjoygame.com%2Fmlbbpromo%2F23%2F23-231005Collection-op-id.jpghttps%3A%2F%2Fakmstatic.ml.youngjoygame.com%2Fmlbbpromo%2F23%2F23-231003NuoLanManHua-ep-id.jpghttps%3A%2F%2Fakmstatic.ml.youngjoygame.com%2Fmlbbpromo%2F23%2F23-231007AllHeroes-ae-id.jpg</string>
    <string name="16272_1497884884_WareHouseManagerNewPerfermanceKey">%2C99700%2C99701%2C99702%2C99733%2C99804</string>
    <int name="16272_1497884884_eCIT_BattleUISetupNew_ver" value="3" />
    <string name="Analytics_LastBattleIdAndBattleServerIdAndTargetFPS">0%7C0%7C60</string>
    <string name="16272_1497884884_SocialContestMD5">1E783C757B40267CDE1E47ABA1A8B39B</string>
    <string name="Key_MemoryPoolConfig">1%3B1%3B0%3B120000%3B32-2000-20000%2664-1000-5000%26128-100-200%26256-10-100%26512-5-10</string>
    <string name="GameServerNetDataEx">CD%23tcp%23119.81.89.119%3A30103-1-1-0-1%3A0-0</string>
    <int name="ping_prefCountryStart" value="1696137366" />
    <int name="_Analysis_forceKilled_Application_" value="1" />
    <int name="ReCheckDownloadReason" value="7" />
    <int name="Analytics_BattleLoadingCount" value="1" />
    <int name="LastVeryHighMapDownloadType" value="1" />
    <int name="PreformanceLv" value="3" />
    <int name="DpiLimitRate2d" value="100" />
    <int name="PreformanceLvUpdate" value="1" />
    <int name="m_CacheLoginUID" value="3" />
    <string name="Analytics_LastActiveUIName">UI_BattleLoading</string>
    <int name="__LOGIN_WITH_MOONTON_ACCOUNT_SCUEESS__" value="1" />
    <string name="DeleteVersionPref">894.1</string>
    <string name="ModeUpdateTrigger_100116272_1497884884_">170.1</string>
    <int name="ExceptionHandler_DefaultInstall" value="0" />
    <string name="JsonDeviceID">41b4c3616c801db6922662d4227d1f06b946bb7f53c61232778e30a7-ca94-4a49-8f5f-1c8d685acbe9</string>
    <string name="__GSDK_CachedDID__">7182761558098314757</string>
    <int name="_PackageLevelIDPref" value="99" />
    <int name="LoginTipTimeoutThreshold" value="40" />
    <string name="ModeUpdateTrigger_26016272_1497884884_">322.1</string>
    <string name="OfflineModeData">1497884884%7C1%7Cbryan*5840%7C%7C18%3B16%3B85%3B1%3B77%3B28%3B60%3B2%3B5%3B35%3B13%3B</string>
    <int name="DNS_Timeout" value="0" />
    <int name="NewUILeftNodeQuickActiveByLevel_16272_1497884884_" value="1" />
    <int name="EnableNewLoginSocket" value="1" />
    <string name="Analytics_SceneName">PVP_009</string>
    <string name="ModeUpdateTrigger_39016272_1497884884_">302.1</string>
    <int name="bVeryHighQuality" value="0" />
    <int name="Key_BeforeLoginReconnectNum" value="0" />
    <int name="Screenmanager%20Resolution%20Height" value="1080" />
    <string name="ModeUpdateTrigger_100616272_1497884884_">170.1</string>
    <int name="DpiLimitConfigVer" value="1" />
    <int name="FlogUploader.isFlogOpen" value="0" />
    <int name="__UNITY_PLAYERPREFS_VERSION__" value="1" />
    <string name="16272_1497884884_DairyFreeRewardRefreshTimeStamp">1696137345</string>
    <string name="__CachedRealAdvertisingID__">778e30a7-ca94-4a49-8f5f-1c8d685acbe9</string>
    <string name="ModeUpdateTrigger_27016272_1497884884_">304.1</string>
    <string name="16272_1497884884_BattleUISetupHeroUsage">%7B%22__saveNum%22%3A0%2C%22heroUsagePrefKeys%22%3A%7B%2253%22%3A%2216272_1497884884_BattleUISetupConf__type1%22%2C%2243%22%3A%2216272_1497884884_BattleUISetupConf__type1%22%2C%2273%22%3A%2216272_1497884884_BattleUISetupConf__type1%22%2C%2263%22%3A%2216272_1497884884_BattleUISetupConf__type1%22%2C%2247%22%3A%2216272_1497884884_BattleUISetupConf__type1%22%2C%2237%22%3A%2216272_1497884884_BattleUISetupConf__type1%22%2C%2267%22%3A%2216272_1497884884_BattleUISetupConf__type1%22%2C%2257%22%3A%2216272_1497884884_BattleUISetupConf__type1%22%2C%22112%22%3A%2216272_1497884884_BattleUISetupConf__type1%22%2C%229%22%3A%2216272_1497884884_BattleUISetupConf__type1%22%2C%2295%22%3A%2216272_1497884884_BattleUISetupConf__type1%22%2C%22115%22%3A%2216272_1497884884_BattleUISetupConf__type1%22%2C%22120%22%3A%2216272_1497884884_BattleUISetupConf__type1%22%2C%22113%22%3A%2216272_1497884884_BattleUISetupConf__type1%22%2C%22118%22%3A%2216272_1497884884_BattleUISetupConf__type1%22%2C%22111%22%3A%2216272_1497884884_BattleUISetupConf__type1%22%2C%22117%22%3A%2216272_1497884884_BattleUISetupConf__type1%22%2C%22116%22%3A%2216272_1497884884_BattleUISetupConf__type1%22%2C%22114%22%3A%2216272_1497884884_BattleUISetupConf__type1%22%2C%22119%22%3A%2216272_1497884884_BattleUISetupConf__type1%22%2C%2227%22%3A%2216272_1497884884_BattleUISetupConf__type1%22%2C%2217%22%3A%2216272_1497884884_BattleUISetupConf__type1%22%2C%2213%22%3A%2216272_1497884884_BattleUISetupConf__type1%22%2C%22110%22%3A%2216272_1497884884_BattleUISetupConf__type1%22%2C%2233%22%3A%2216272_1497884884_BattleUISetupConf__type1%22%2C%2223%22%3A%2216272_1497884884_BattleUISetupConf__type1%22%2C%2242%22%3A%2216272_1497884884_BattleUISetupConf__type1%22%2C%2252%22%3A%2216272_1497884884_BattleUISetupConf__type1%22%2C%2262%22%3A%2216272_1497884884_BattleUISetupConf__type1%22%2C%2272%22%3A%2216272_1497884884_BattleUISetupConf__type1%22%2C%2236%22%3A%2216272_1497884884_BattleUISetupConf__type1%22%2C%2246%22%3A%2216272_1497884884_BattleUISetupConf__type1%22%2C%2256%22%3A%2216272_1497884884_BattleUISetupConf__type1%22%2C%2266%22%3A%2216272_1497884884_BattleUISetupConf__type1%22%2C%22109%22%3A%2216272_1497884884_BattleUISetupConf__type1%22%2C%22106%22%3A%2216272_1497884884_BattleUISetupConf__type1%22%2C%22100%22%3A%2216272_1497884884_BattleUISetupConf__type1%22%2C%22107%22%3A%2216272_1497884884_BattleUISetupConf__type1%22%2C%2280%22%3A%2216272_1497884884_BattleUISetupConf__type1%22%2C%22122%22%3A%2216272_1497884884_BattleUISetupConf__type1%22%2C%22103%22%3A%2216272_1497884884_BattleUISetupConf__type1%22%2C%22102%22%3A%2216272_1497884884_BattleUISetupConf__type1%22%2C%2276%22%3A%2216272_1497884884_BattleUISetupConf__type1%22%2C%22108%22%3A%2216272_1497884884_BattleUISetupConf__type1%22%2C%2290%22%3A%2216272_1497884884_BattleUISetupConf__type1%22%2C%2283%22%3A%2216272_1497884884_BattleUISetupConf__type1%22%2C%2297%22%3A%2216272_1497884884_BattleUISetupConf__type1%22%2C%2296%22%3A%2216272_1497884884_BattleUISetupConf__type1%22%2C%22121%22%3A%2216272_1497884884_BattleUISetupConf__type1%22%2C%2294%22%3A%2216272_1497884884_BattleUISetupConf__type1%22%2C%2293%22%3A%2216272_1497884884_BattleUISetupConf__type1%22%2C%2292%22%3A%2216272_1497884884_BattleUISetupConf__type1%22%2C%2216%22%3A%2216272_1497884884_BattleUISetupConf__type1%22%2C%2226%22%3A%2216272_1497884884_BattleUISetupConf__type1%22%2C%2291%22%3A%2216272_1497884884_BattleUISetupConf__type1%22%2C%2212%22%3A%2216272_1497884884_BattleUISetupConf__type1%22%2C%2222%22%3A%2216272_1497884884_BattleUISetupConf__type1%22%2C%2232%22%3A%2216272_1497884884_BattleUISetupConf__type1%22%2C%2271%22%3A%2216272_1497884884_BattleUISetupConf__type1%22%2C%2261%22%3A%2216272_1497884884_BattleUISetupConf__type1%22%2C%2251%22%3A%2216272_1497884884_BattleUISetupConf__type1%22%2C%2241%22%3A%2216272_1497884884_BattleUISetupConf__type1%22%2C%2265%22%3A%2216272_1497884884_BattleUISetupConf__type1%22%2C%2255%22%3A%2216272_1497884884_BattleUISetupConf__type1%22%2C%2245%22%3A%2216272_1497884884_BattleUISetupConf__type1%22%2C%2235%22%3A%2216272_1497884884_BattleUISetupConf__type1%22%2C%2259%22%3A%2216272_1497884884_BattleUISetupConf__type1%22%2C%2249%22%3A%2216272_1497884884_BattleUISetupConf__type1%22%2C%2239%22%3A%2216272_1497884884_BattleUISetupConf__type1%22%2C%2229%22%3A%2216272_1497884884_BattleUISetupConf__type1%22%2C%2299%22%3A%2216272_1497884884_BattleUISetupConf__type1%22%2C%2289%22%3A%2216272_1497884884_BattleUISetupConf__type1%22%2C%2279%22%3A%2216272_1497884884_BattleUISetupConf__type1%22%2C%2269%22%3A%2216272_1497884884_BattleUISetupConf__type1%22%2C%221%22%3A%2216272_1497884884_BattleUISetupConf__type1%22%2C%2284%22%3A%2216272_1497884884_BattleUISetupConf__type1%22%2C%223%22%3A%2216272_1497884884_BattleUISetupConf__type1%22%2C%222%22%3A%2216272_1497884884_BattleUISetupConf__type1%22%2C%2219%22%3A%2216272_1497884884_BattleUISetupConf__type1%22%2C%224%22%3A%2216272_1497884884_BattleUISetupConf__type1%22%2C%227%22%3A%2216272_1497884884_BattleUISetupConf__type1%22%2C%226%22%3A%2216272_1497884884_BattleUISetupConf__type1%22%2C%2225%22%3A%2216272_1497884884_BattleUISetupConf__type1%22%2C%2215%22%3A%2216272_1497884884_BattleUISetupConf__type1%22%2C%2287%22%3A%2216272_1497884884_BattleUISetupConf__type1%22%2C%2286%22%3A%2216272_1497884884_BattleUISetupConf__type1%22%2C%2231%22%3A%2216272_1497884884_BattleUISetupConf__type1%22%2C%2221%22%3A%2216272_1497884884_BattleUISetupConf__type1%22%2C%2211%22%3A%2216272_1497884884_BattleUISetupConf__type1%22%2C%2285%22%3A%2216272_1497884884_BattleUISetupConf__type1%22%2C%2260%22%3A%2216272_1497884884_BattleUISetupConf__type1%22%2C%2270%22%3A%2216272_1497884884_BattleUISetupConf__type1%22%2C%2240%22%3A%2216272_1497884884_BattleUISetupConf__type1%22%2C%2250%22%3A%2216272_1497884884_BattleUISetupConf__type1%22%2C%2254%22%3A%2216272_1497884884_BattleUISetupConf__type1%22%2C%2264%22%3A%2216272_1497884884_BattleUISetupConf__type1%22%2C%2234%22%3A%2216272_1497884884_BattleUISetupConf__type1%22%2C%2244%22%3A%2216272_1497884884_BattleUISetupConf__type1%22%2C%2248%22%3A%2216272_1497884884_BattleUISetupConf__type1%22%2C%2258%22%3A%2216272_1497884884_BattleUISetupConf__type1%22%2C%2228%22%3A%2216272_1497884884_BattleUISetupConf__type1%22%2C%2238%22%3A%2216272_1497884884_BattleUISetupConf__type1%22%2C%2288%22%3A%2216272_1497884884_BattleUISetupConf__type1%22%2C%2298%22%3A%2216272_1497884884_BattleUISetupConf__type1%22%2C%2268%22%3A%2216272_1497884884_BattleUISetupConf__type1%22%2C%2278%22%3A%2216272_1497884884_BattleUISetupConf__type1%22%2C%2282%22%3A%2216272_1497884884_BattleUISetupConf__type1%22%2C%2281%22%3A%2216272_1497884884_BattleUISetupConf__type1%22%2C%22105%22%3A%2216272_1497884884_BattleUISetupConf__type1%22%2C%2277%22%3A%2216272_1497884884_BattleUISetupConf__type1%22%2C%22101%22%3A%2216272_1497884884_BattleUISetupConf__type1%22%2C%2218%22%3A%2216272_1497884884_BattleUISetupConf__type1%22%2C%2275%22%3A%2216272_1497884884_BattleUISetupConf__type1%22%2C%2274%22%3A%2216272_1497884884_BattleUISetupConf__type1%22%2C%2214%22%3A%2216272_1497884884_BattleUISetupConf__type1%22%2C%2224%22%3A%2216272_1497884884_BattleUISetupConf__type1%22%2C%225%22%3A%2216272_1497884884_BattleUISetupConf__type1%22%2C%22104%22%3A%2216272_1497884884_BattleUISetupConf__type1%22%2C%2220%22%3A%2216272_1497884884_BattleUISetupConf__type1%22%2C%2230%22%3A%2216272_1497884884_BattleUISetupConf__type1%22%2C%228%22%3A%2216272_1497884884_BattleUISetupConf__type1%22%2C%2210%22%3A%2216272_1497884884_BattleUISetupConf__type1%22%7D%2C%22heroUsages%22%3A%7B%2253%22%3A2%2C%2243%22%3A2%2C%2273%22%3A2%2C%2263%22%3A2%2C%2247%22%3A2%2C%2237%22%3A2%2C%2267%22%3A2%2C%2257%22%3A2%2C%22112%22%3A2%2C%229%22%3A2%2C%2295%22%3A2%2C%22115%22%3A2%2C%22120%22%3A2%2C%22113%22%3A2%2C%22118%22%3A2%2C%22111%22%3A2%2C%22117%22%3A2%2C%22116%22%3A2%2C%22114%22%3A2%2C%22119%22%3A2%2C%2227%22%3A2%2C%2217%22%3A2%2C%2213%22%3A2%2C%22110%22%3A2%2C%2233%22%3A2%2C%2223%22%3A2%2C%2242%22%3A2%2C%2252%22%3A2%2C%2262%22%3A2%2C%2272%22%3A2%2C%2236%22%3A2%2C%2246%22%3A2%2C%2256%22%3A2%2C%2266%22%3A2%2C%22109%22%3A2%2C%22106%22%3A2%2C%22100%22%3A2%2C%22107%22%3A2%2C%2280%22%3A2%2C%22122%22%3A2%2C%22103%22%3A2%2C%22102%22%3A2%2C%2276%22%3A2%2C%22108%22%3A2%2C%2290%22%3A2%2C%2283%22%3A2%2C%2297%22%3A2%2C%2296%22%3A2%2C%22121%22%3A2%2C%2294%22%3A2%2C%2293%22%3A2%2C%2292%22%3A2%2C%2216%22%3A2%2C%2226%22%3A2%2C%2291%22%3A2%2C%2212%22%3A2%2C%2222%22%3A2%2C%2232%22%3A2%2C%2271%22%3A2%2C%2261%22%3A2%2C%2251%22%3A2%2C%2241%22%3A2%2C%2265%22%3A2%2C%2255%22%3A2%2C%2245%22%3A2%2C%2235%22%3A2%2C%2259%22%3A2%2C%2249%22%3A2%2C%2239%22%3A2%2C%2229%22%3A2%2C%2299%22%3A2%2C%2289%22%3A2%2C%2279%22%3A2%2C%2269%22%3A2%2C%221%22%3A2%2C%2284%22%3A2%2C%223%22%3A2%2C%222%22%3A2%2C%2219%22%3A2%2C%224%22%3A2%2C%227%22%3A2%2C%226%22%3A2%2C%2225%22%3A2%2C%2215%22%3A2%2C%2287%22%3A2%2C%2286%22%3A2%2C%2231%22%3A2%2C%2221%22%3A2%2C%2211%22%3A2%2C%2285%22%3A2%2C%2260%22%3A2%2C%2270%22%3A2%2C%2240%22%3A2%2C%2250%22%3A2%2C%2254%22%3A2%2C%2264%22%3A2%2C%2234%22%3A2%2C%2244%22%3A2%2C%2248%22%3A2%2C%2258%22%3A2%2C%2228%22%3A2%2C%2238%22%3A2%2C%2288%22%3A2%2C%2298%22%3A2%2C%2268%22%3A2%2C%2278%22%3A2%2C%2282%22%3A2%2C%2281%22%3A2%2C%22105%22%3A2%2C%2277%22%3A2%2C%22101%22%3A2%2C%2218%22%3A2%2C%2275%22%3A2%2C%2274%22%3A2%2C%2214%22%3A2%2C%2224%22%3A2%2C%225%22%3A2%2C%22104%22%3A2%2C%2220%22%3A2%2C%2230%22%3A2%2C%228%22%3A2%2C%2210%22%3A2%7D%7D</string>
    <string name="OfflineForbidSkins"></string>
    <string name="TimedTaskActivityNeedShowRedPoint1132">3092023</string>
    <string name="ChatFriendPrefsFlag">1970-01-01</string>
    <string name="16272_1497884884_BattleUISetupConf__type2">%7B%22__version%22%3A2%2C%22name%22%3A%22type2%22%2C%22idx%22%3A3%2C%22panels%22%3A%7B%7D%7D</string>
    <string name="ModeUpdateTrigger_36016272_1497884884_">322.1</string>
    <int name="_recordingINLA" value="0" />
    <int name="___udav_ios" value="0" />
    <int name="PlayNativeVideo" value="0" />
    <int name="Key_ResDirSplit_OK" value="1" />
    <int name="Key_AfterLoginReconnectNum" value="0" />
    <string name="ModeUpdateTrigger_43016272_1497884884_">140.1</string>
    <string name="Analytics_LastActiveUIs">13-UI_BattleLoading(0)</string>
    <int name="Minimal" value="0" />
    <int name="GPSDK_bGNZKG" value="1" />
    <string name="InstructionPic">https%3A%2F%2Fakmstatic.ml.youngjoygame.com%2Fiosforceupdate1.png%3Bhttps%3A%2F%2Fakmstatic.ml.youngjoygame.com%2Fiosforceupdate2.png</string>
    <int name="MachnePerformanceReport" value="1" />
    <int name="DownloadBackgroundIOS" value="1" />
    <string name="ModeUpdateTrigger_100016272_1497884884_">170.1</string>
    <string name="16272_1497884884_NextCGLocalVersion">676.1</string>
    <string name="ModeUpdateTrigger_42016272_1497884884_">236.1</string>
    <int name="PACKAGELEVEL" value="5" />
    <string name="ping_udpCountrydata">0</string>
    <int name="Analytics_LastEnterBattleCount" value="1" />
    <int name="Key_EnableMsgEncrypt" value="1" />
</map>
